<?xml version="1.0"?>
<gpx xmlns="http://www.topografix.com/GPX/1/1" xmlns:xsi="http://www.w3.org/2001/XMLSchema-instance" version="1.1" creator="AllTrails.com" xsi:schemaLocation="http://www.topografix.com/GPX/1/1 http://www.topografix.com/GPX/1/1/gpx.xsd">
  <metadata>
    <name><![CDATA[Picklejar Peak via Lineham Ridge Summit]]></name>
    <desc><![CDATA[]]></desc>
    <link href="http://www.alltrails.com">
      <text>AllTrails, LLC</text>
    </link>
    <bounds minlat="50.49199" minlon="-114.80705" maxlat="50.52134" maxlon="-114.75205"/>
  </metadata>
  <wpt lat="50.50717" lon="-114.79372">
    <name><![CDATA[Bridge]]></name>
    <desc><![CDATA[]]></desc>
  </wpt>
  <wpt lat="50.51569" lon="-114.77678">
    <name><![CDATA[Cairn]]></name>
    <desc><![CDATA[]]></desc>
  </wpt>
  <wpt lat="50.51267" lon="-114.76828">
    <name><![CDATA[Lineham Ridge]]></name>
    <desc><![CDATA[]]></desc>
  </wpt>
  <wpt lat="50.49178" lon="-114.80693">
    <name><![CDATA[Parking and Trailhead]]></name>
    <desc><![CDATA[]]></desc>
  </wpt>
  <trk>
    <name><![CDATA[Picklejar Peak via Lineham Ridge Summit]]></name>
    <src>AllTrails</src>
    <trkseg>
      <trkpt lat="50.49199" lon="-114.80648">
        <ele>1723.93</ele>
      </trkpt>
      <trkpt lat="50.49201" lon="-114.80645">
        <ele>1723.1</ele>
      </trkpt>
      <trkpt lat="50.49204" lon="-114.80643">
        <ele>1722.31</ele>
      </trkpt>
      <trkpt lat="50.49207" lon="-114.80636">
        <ele>1720.82</ele>
      </trkpt>
      <trkpt lat="50.49213" lon="-114.80635">
        <ele>1719.86</ele>
      </trkpt>
      <trkpt lat="50.49218" lon="-114.80639">
        <ele>1719.62</ele>
      </trkpt>
      <trkpt lat="50.49223" lon="-114.80643">
        <ele>1719.48</ele>
      </trkpt>
      <trkpt lat="50.49228" lon="-114.80647">
        <ele>1719.28</ele>
      </trkpt>
      <trkpt lat="50.49231" lon="-114.80648">
        <ele>1718.94</ele>
      </trkpt>
      <trkpt lat="50.49276" lon="-114.80683">
        <ele>1721.09</ele>
      </trkpt>
      <trkpt lat="50.49298" lon="-114.8069">
        <ele>1719.38</ele>
      </trkpt>
      <trkpt lat="50.49299" lon="-114.80689">
        <ele>1719.25</ele>
      </trkpt>
      <trkpt lat="50.49304" lon="-114.80689">
        <ele>1718.6</ele>
      </trkpt>
      <trkpt lat="50.49309" lon="-114.80688">
        <ele>1718.52</ele>
      </trkpt>
      <trkpt lat="50.49313" lon="-114.80687">
        <ele>1718.68</ele>
      </trkpt>
      <trkpt lat="50.49319" lon="-114.80686">
        <ele>1718.9</ele>
      </trkpt>
      <trkpt lat="50.49324" lon="-114.80685">
        <ele>1719.13</ele>
      </trkpt>
      <trkpt lat="50.49328" lon="-114.80684">
        <ele>1719.36</ele>
      </trkpt>
      <trkpt lat="50.49333" lon="-114.80686">
        <ele>1719.21</ele>
      </trkpt>
      <trkpt lat="50.4934" lon="-114.80688">
        <ele>1718.73</ele>
      </trkpt>
      <trkpt lat="50.49341" lon="-114.80689">
        <ele>1718.5</ele>
      </trkpt>
      <trkpt lat="50.49345" lon="-114.80692">
        <ele>1717.7</ele>
      </trkpt>
      <trkpt lat="50.49351" lon="-114.80694">
        <ele>1716.84</ele>
      </trkpt>
      <trkpt lat="50.49357" lon="-114.80697">
        <ele>1716.74</ele>
      </trkpt>
      <trkpt lat="50.49362" lon="-114.807">
        <ele>1717.39</ele>
      </trkpt>
      <trkpt lat="50.49368" lon="-114.80703">
        <ele>1718.99</ele>
      </trkpt>
      <trkpt lat="50.49374" lon="-114.80705">
        <ele>1720.05</ele>
      </trkpt>
      <trkpt lat="50.4938" lon="-114.80704">
        <ele>1720.93</ele>
      </trkpt>
      <trkpt lat="50.49386" lon="-114.80705">
        <ele>1721.7</ele>
      </trkpt>
      <trkpt lat="50.4939" lon="-114.80702">
        <ele>1723.2</ele>
      </trkpt>
      <trkpt lat="50.49395" lon="-114.80698">
        <ele>1726.33</ele>
      </trkpt>
      <trkpt lat="50.494" lon="-114.80694">
        <ele>1729.29</ele>
      </trkpt>
      <trkpt lat="50.49404" lon="-114.80689">
        <ele>1732.02</ele>
      </trkpt>
      <trkpt lat="50.49408" lon="-114.80684">
        <ele>1734.54</ele>
      </trkpt>
      <trkpt lat="50.49412" lon="-114.80678">
        <ele>1736.99</ele>
      </trkpt>
      <trkpt lat="50.49417" lon="-114.80674">
        <ele>1739.21</ele>
      </trkpt>
      <trkpt lat="50.4942" lon="-114.80667">
        <ele>1739.85</ele>
      </trkpt>
      <trkpt lat="50.49425" lon="-114.80664">
        <ele>1740.19</ele>
      </trkpt>
      <trkpt lat="50.49431" lon="-114.80662">
        <ele>1740.59</ele>
      </trkpt>
      <trkpt lat="50.49436" lon="-114.8066">
        <ele>1741.19</ele>
      </trkpt>
      <trkpt lat="50.49441" lon="-114.80657">
        <ele>1742.3</ele>
      </trkpt>
      <trkpt lat="50.49446" lon="-114.80655">
        <ele>1743.65</ele>
      </trkpt>
      <trkpt lat="50.49451" lon="-114.80653">
        <ele>1745.81</ele>
      </trkpt>
      <trkpt lat="50.49456" lon="-114.80651">
        <ele>1747.97</ele>
      </trkpt>
      <trkpt lat="50.49461" lon="-114.80648">
        <ele>1750.49</ele>
      </trkpt>
      <trkpt lat="50.49466" lon="-114.80646">
        <ele>1752.65</ele>
      </trkpt>
      <trkpt lat="50.49472" lon="-114.80646">
        <ele>1754.38</ele>
      </trkpt>
      <trkpt lat="50.49478" lon="-114.80645">
        <ele>1755.17</ele>
      </trkpt>
      <trkpt lat="50.49483" lon="-114.80645">
        <ele>1755.49</ele>
      </trkpt>
      <trkpt lat="50.4949" lon="-114.80646">
        <ele>1755.56</ele>
      </trkpt>
      <trkpt lat="50.49496" lon="-114.80648">
        <ele>1755.15</ele>
      </trkpt>
      <trkpt lat="50.49502" lon="-114.80649">
        <ele>1754.6</ele>
      </trkpt>
      <trkpt lat="50.49508" lon="-114.80649">
        <ele>1753.43</ele>
      </trkpt>
      <trkpt lat="50.49514" lon="-114.80648">
        <ele>1752.52</ele>
      </trkpt>
      <trkpt lat="50.49519" lon="-114.80648">
        <ele>1751.49</ele>
      </trkpt>
      <trkpt lat="50.49525" lon="-114.80648">
        <ele>1750.26</ele>
      </trkpt>
      <trkpt lat="50.4953" lon="-114.80645">
        <ele>1750.14</ele>
      </trkpt>
      <trkpt lat="50.49536" lon="-114.80645">
        <ele>1750.19</ele>
      </trkpt>
      <trkpt lat="50.49541" lon="-114.80643">
        <ele>1750.48</ele>
      </trkpt>
      <trkpt lat="50.49547" lon="-114.80642">
        <ele>1750.63</ele>
      </trkpt>
      <trkpt lat="50.49552" lon="-114.80646">
        <ele>1750.2</ele>
      </trkpt>
      <trkpt lat="50.49556" lon="-114.80651">
        <ele>1749.7</ele>
      </trkpt>
      <trkpt lat="50.49562" lon="-114.80654">
        <ele>1749.64</ele>
      </trkpt>
      <trkpt lat="50.49567" lon="-114.80653">
        <ele>1749.9</ele>
      </trkpt>
      <trkpt lat="50.49572" lon="-114.8065">
        <ele>1750.16</ele>
      </trkpt>
      <trkpt lat="50.49577" lon="-114.80647">
        <ele>1750.25</ele>
      </trkpt>
      <trkpt lat="50.49582" lon="-114.80644">
        <ele>1750.2</ele>
      </trkpt>
      <trkpt lat="50.49588" lon="-114.80645">
        <ele>1750.46</ele>
      </trkpt>
      <trkpt lat="50.49593" lon="-114.80643">
        <ele>1750.6</ele>
      </trkpt>
      <trkpt lat="50.49599" lon="-114.80642">
        <ele>1750.8</ele>
      </trkpt>
      <trkpt lat="50.49605" lon="-114.80642">
        <ele>1751.07</ele>
      </trkpt>
      <trkpt lat="50.4961" lon="-114.80641">
        <ele>1751.18</ele>
      </trkpt>
      <trkpt lat="50.49615" lon="-114.80639">
        <ele>1752.27</ele>
      </trkpt>
      <trkpt lat="50.49621" lon="-114.80639">
        <ele>1754.22</ele>
      </trkpt>
      <trkpt lat="50.49627" lon="-114.80638">
        <ele>1756.15</ele>
      </trkpt>
      <trkpt lat="50.49632" lon="-114.80636">
        <ele>1757.77</ele>
      </trkpt>
      <trkpt lat="50.49637" lon="-114.80634">
        <ele>1759.39</ele>
      </trkpt>
      <trkpt lat="50.49643" lon="-114.80633">
        <ele>1762.36</ele>
      </trkpt>
      <trkpt lat="50.49648" lon="-114.80633">
        <ele>1765.23</ele>
      </trkpt>
      <trkpt lat="50.49654" lon="-114.80633">
        <ele>1768.67</ele>
      </trkpt>
      <trkpt lat="50.4966" lon="-114.80632">
        <ele>1771.98</ele>
      </trkpt>
      <trkpt lat="50.49666" lon="-114.80633">
        <ele>1775.56</ele>
      </trkpt>
      <trkpt lat="50.49671" lon="-114.8063">
        <ele>1778.41</ele>
      </trkpt>
      <trkpt lat="50.49676" lon="-114.80627">
        <ele>1781.39</ele>
      </trkpt>
      <trkpt lat="50.49681" lon="-114.80625">
        <ele>1784.56</ele>
      </trkpt>
      <trkpt lat="50.49686" lon="-114.80623">
        <ele>1787.76</ele>
      </trkpt>
      <trkpt lat="50.49691" lon="-114.80621">
        <ele>1790.99</ele>
      </trkpt>
      <trkpt lat="50.49696" lon="-114.80618">
        <ele>1793.48</ele>
      </trkpt>
      <trkpt lat="50.49701" lon="-114.80616">
        <ele>1794.79</ele>
      </trkpt>
      <trkpt lat="50.49707" lon="-114.80614">
        <ele>1796.44</ele>
      </trkpt>
      <trkpt lat="50.49712" lon="-114.80612">
        <ele>1797.8</ele>
      </trkpt>
      <trkpt lat="50.49717" lon="-114.8061">
        <ele>1799.2</ele>
      </trkpt>
      <trkpt lat="50.49723" lon="-114.80609">
        <ele>1800.92</ele>
      </trkpt>
      <trkpt lat="50.49728" lon="-114.80607">
        <ele>1801.69</ele>
      </trkpt>
      <trkpt lat="50.49733" lon="-114.80605">
        <ele>1802.54</ele>
      </trkpt>
      <trkpt lat="50.49738" lon="-114.80604">
        <ele>1803.51</ele>
      </trkpt>
      <trkpt lat="50.49744" lon="-114.80604">
        <ele>1804.75</ele>
      </trkpt>
      <trkpt lat="50.49749" lon="-114.80602">
        <ele>1805.78</ele>
      </trkpt>
      <trkpt lat="50.49752" lon="-114.80602">
        <ele>1807.13</ele>
      </trkpt>
      <trkpt lat="50.49755" lon="-114.80601">
        <ele>1808.85</ele>
      </trkpt>
      <trkpt lat="50.49761" lon="-114.80601">
        <ele>1812.26</ele>
      </trkpt>
      <trkpt lat="50.49766" lon="-114.80599">
        <ele>1815.32</ele>
      </trkpt>
      <trkpt lat="50.49771" lon="-114.80596">
        <ele>1818.64</ele>
      </trkpt>
      <trkpt lat="50.49776" lon="-114.80594">
        <ele>1821.99</ele>
      </trkpt>
      <trkpt lat="50.49781" lon="-114.80592">
        <ele>1824.64</ele>
      </trkpt>
      <trkpt lat="50.49786" lon="-114.8059">
        <ele>1826.91</ele>
      </trkpt>
      <trkpt lat="50.49791" lon="-114.80588">
        <ele>1829.24</ele>
      </trkpt>
      <trkpt lat="50.49797" lon="-114.80585">
        <ele>1832.23</ele>
      </trkpt>
      <trkpt lat="50.49802" lon="-114.80585">
        <ele>1834.19</ele>
      </trkpt>
      <trkpt lat="50.49808" lon="-114.80585">
        <ele>1835.34</ele>
      </trkpt>
      <trkpt lat="50.49813" lon="-114.80582">
        <ele>1835.26</ele>
      </trkpt>
      <trkpt lat="50.49819" lon="-114.80583">
        <ele>1834.58</ele>
      </trkpt>
      <trkpt lat="50.49824" lon="-114.8058">
        <ele>1834.41</ele>
      </trkpt>
      <trkpt lat="50.49829" lon="-114.80578">
        <ele>1834.28</ele>
      </trkpt>
      <trkpt lat="50.49834" lon="-114.80573">
        <ele>1834.95</ele>
      </trkpt>
      <trkpt lat="50.49839" lon="-114.80571">
        <ele>1835.9</ele>
      </trkpt>
      <trkpt lat="50.49843" lon="-114.80567">
        <ele>1836.8</ele>
      </trkpt>
      <trkpt lat="50.49848" lon="-114.80563">
        <ele>1837.51</ele>
      </trkpt>
      <trkpt lat="50.49852" lon="-114.80559">
        <ele>1837.88</ele>
      </trkpt>
      <trkpt lat="50.49857" lon="-114.80555">
        <ele>1837.98</ele>
      </trkpt>
      <trkpt lat="50.49862" lon="-114.80551">
        <ele>1837.68</ele>
      </trkpt>
      <trkpt lat="50.49866" lon="-114.80547">
        <ele>1837.02</ele>
      </trkpt>
      <trkpt lat="50.49871" lon="-114.80543">
        <ele>1836.54</ele>
      </trkpt>
      <trkpt lat="50.49875" lon="-114.80539">
        <ele>1836.49</ele>
      </trkpt>
      <trkpt lat="50.4988" lon="-114.80537">
        <ele>1836.43</ele>
      </trkpt>
      <trkpt lat="50.49885" lon="-114.80533">
        <ele>1836.92</ele>
      </trkpt>
      <trkpt lat="50.4989" lon="-114.80531">
        <ele>1837.34</ele>
      </trkpt>
      <trkpt lat="50.49895" lon="-114.80528">
        <ele>1838.17</ele>
      </trkpt>
      <trkpt lat="50.499" lon="-114.80526">
        <ele>1838.39</ele>
      </trkpt>
      <trkpt lat="50.49905" lon="-114.80522">
        <ele>1838.05</ele>
      </trkpt>
      <trkpt lat="50.4991" lon="-114.8052">
        <ele>1837.39</ele>
      </trkpt>
      <trkpt lat="50.49915" lon="-114.80516">
        <ele>1835.88</ele>
      </trkpt>
      <trkpt lat="50.49919" lon="-114.80512">
        <ele>1834.44</ele>
      </trkpt>
      <trkpt lat="50.49924" lon="-114.80508">
        <ele>1833.71</ele>
      </trkpt>
      <trkpt lat="50.49928" lon="-114.80504">
        <ele>1833.49</ele>
      </trkpt>
      <trkpt lat="50.49932" lon="-114.80498">
        <ele>1834.06</ele>
      </trkpt>
      <trkpt lat="50.49937" lon="-114.80494">
        <ele>1835.62</ele>
      </trkpt>
      <trkpt lat="50.49942" lon="-114.8049">
        <ele>1837.3</ele>
      </trkpt>
      <trkpt lat="50.49946" lon="-114.80486">
        <ele>1838.77</ele>
      </trkpt>
      <trkpt lat="50.49951" lon="-114.80482">
        <ele>1840.27</ele>
      </trkpt>
      <trkpt lat="50.49955" lon="-114.80478">
        <ele>1841.56</ele>
      </trkpt>
      <trkpt lat="50.4996" lon="-114.80474">
        <ele>1842.96</ele>
      </trkpt>
      <trkpt lat="50.49964" lon="-114.8047">
        <ele>1843.75</ele>
      </trkpt>
      <trkpt lat="50.49968" lon="-114.80464">
        <ele>1844.42</ele>
      </trkpt>
      <trkpt lat="50.49973" lon="-114.8046">
        <ele>1845.63</ele>
      </trkpt>
      <trkpt lat="50.49978" lon="-114.80456">
        <ele>1847.07</ele>
      </trkpt>
      <trkpt lat="50.49982" lon="-114.80452">
        <ele>1848.35</ele>
      </trkpt>
      <trkpt lat="50.49987" lon="-114.80448">
        <ele>1849.99</ele>
      </trkpt>
      <trkpt lat="50.49992" lon="-114.80446">
        <ele>1851.56</ele>
      </trkpt>
      <trkpt lat="50.49996" lon="-114.80442">
        <ele>1851.92</ele>
      </trkpt>
      <trkpt lat="50.50002" lon="-114.8044">
        <ele>1852.43</ele>
      </trkpt>
      <trkpt lat="50.50006" lon="-114.80436">
        <ele>1851.79</ele>
      </trkpt>
      <trkpt lat="50.50011" lon="-114.80433">
        <ele>1852.2</ele>
      </trkpt>
      <trkpt lat="50.50016" lon="-114.80431">
        <ele>1853.27</ele>
      </trkpt>
      <trkpt lat="50.50022" lon="-114.80429">
        <ele>1854.99</ele>
      </trkpt>
      <trkpt lat="50.50026" lon="-114.80425">
        <ele>1856.27</ele>
      </trkpt>
      <trkpt lat="50.50031" lon="-114.80423">
        <ele>1858.57</ele>
      </trkpt>
      <trkpt lat="50.50036" lon="-114.80419">
        <ele>1861.09</ele>
      </trkpt>
      <trkpt lat="50.5004" lon="-114.80413">
        <ele>1861.86</ele>
      </trkpt>
      <trkpt lat="50.50044" lon="-114.80409">
        <ele>1862.37</ele>
      </trkpt>
      <trkpt lat="50.50049" lon="-114.80405">
        <ele>1863.27</ele>
      </trkpt>
      <trkpt lat="50.50053" lon="-114.80399">
        <ele>1862.83</ele>
      </trkpt>
      <trkpt lat="50.50058" lon="-114.80395">
        <ele>1862.56</ele>
      </trkpt>
      <trkpt lat="50.50062" lon="-114.80391">
        <ele>1861.57</ele>
      </trkpt>
      <trkpt lat="50.50066" lon="-114.80385">
        <ele>1861.24</ele>
      </trkpt>
      <trkpt lat="50.50071" lon="-114.80381">
        <ele>1861.85</ele>
      </trkpt>
      <trkpt lat="50.50075" lon="-114.80377">
        <ele>1862.41</ele>
      </trkpt>
      <trkpt lat="50.5008" lon="-114.80373">
        <ele>1863.31</ele>
      </trkpt>
      <trkpt lat="50.50084" lon="-114.80369">
        <ele>1864.39</ele>
      </trkpt>
      <trkpt lat="50.50089" lon="-114.80367">
        <ele>1867.34</ele>
      </trkpt>
      <trkpt lat="50.50093" lon="-114.80359">
        <ele>1869.84</ele>
      </trkpt>
      <trkpt lat="50.50098" lon="-114.80355">
        <ele>1872.63</ele>
      </trkpt>
      <trkpt lat="50.50102" lon="-114.8035">
        <ele>1874.62</ele>
      </trkpt>
      <trkpt lat="50.50106" lon="-114.80344">
        <ele>1876.36</ele>
      </trkpt>
      <trkpt lat="50.5011" lon="-114.80338">
        <ele>1877.92</ele>
      </trkpt>
      <trkpt lat="50.50114" lon="-114.80334">
        <ele>1879.31</ele>
      </trkpt>
      <trkpt lat="50.50118" lon="-114.80328">
        <ele>1880.45</ele>
      </trkpt>
      <trkpt lat="50.50122" lon="-114.80322">
        <ele>1881.87</ele>
      </trkpt>
      <trkpt lat="50.50126" lon="-114.80316">
        <ele>1883.61</ele>
      </trkpt>
      <trkpt lat="50.50131" lon="-114.80312">
        <ele>1886.27</ele>
      </trkpt>
      <trkpt lat="50.50135" lon="-114.80307">
        <ele>1888.6</ele>
      </trkpt>
      <trkpt lat="50.50139" lon="-114.80301">
        <ele>1888.58</ele>
      </trkpt>
      <trkpt lat="50.50143" lon="-114.80295">
        <ele>1886.91</ele>
      </trkpt>
      <trkpt lat="50.50147" lon="-114.80291">
        <ele>1886.53</ele>
      </trkpt>
      <trkpt lat="50.50151" lon="-114.80284">
        <ele>1884.98</ele>
      </trkpt>
      <trkpt lat="50.50157" lon="-114.80283">
        <ele>1887.34</ele>
      </trkpt>
      <trkpt lat="50.50162" lon="-114.80282">
        <ele>1889.3</ele>
      </trkpt>
      <trkpt lat="50.50166" lon="-114.80275">
        <ele>1889.15</ele>
      </trkpt>
      <trkpt lat="50.5017" lon="-114.80271">
        <ele>1891.39</ele>
      </trkpt>
      <trkpt lat="50.50174" lon="-114.80265">
        <ele>1893.61</ele>
      </trkpt>
      <trkpt lat="50.50178" lon="-114.80259">
        <ele>1896.02</ele>
      </trkpt>
      <trkpt lat="50.50182" lon="-114.80253">
        <ele>1898.61</ele>
      </trkpt>
      <trkpt lat="50.50186" lon="-114.80248">
        <ele>1901.16</ele>
      </trkpt>
      <trkpt lat="50.5019" lon="-114.8024">
        <ele>1902.52</ele>
      </trkpt>
      <trkpt lat="50.50192" lon="-114.80232">
        <ele>1902.24</ele>
      </trkpt>
      <trkpt lat="50.50194" lon="-114.80224">
        <ele>1902.03</ele>
      </trkpt>
      <trkpt lat="50.50195" lon="-114.80216">
        <ele>1900.42</ele>
      </trkpt>
      <trkpt lat="50.50198" lon="-114.8021">
        <ele>1899.87</ele>
      </trkpt>
      <trkpt lat="50.50202" lon="-114.80206">
        <ele>1900.37</ele>
      </trkpt>
      <trkpt lat="50.50206" lon="-114.802">
        <ele>1900.43</ele>
      </trkpt>
      <trkpt lat="50.50211" lon="-114.80194">
        <ele>1901.11</ele>
      </trkpt>
      <trkpt lat="50.50214" lon="-114.80187">
        <ele>1902.11</ele>
      </trkpt>
      <trkpt lat="50.50217" lon="-114.80179">
        <ele>1903.71</ele>
      </trkpt>
      <trkpt lat="50.50221" lon="-114.80171">
        <ele>1906.75</ele>
      </trkpt>
      <trkpt lat="50.50224" lon="-114.80164">
        <ele>1907.0</ele>
      </trkpt>
      <trkpt lat="50.50228" lon="-114.80156">
        <ele>1904.49</ele>
      </trkpt>
      <trkpt lat="50.50232" lon="-114.8015">
        <ele>1903.3</ele>
      </trkpt>
      <trkpt lat="50.50236" lon="-114.80145">
        <ele>1902.9</ele>
      </trkpt>
      <trkpt lat="50.5024" lon="-114.80139">
        <ele>1902.78</ele>
      </trkpt>
      <trkpt lat="50.50244" lon="-114.80135">
        <ele>1903.05</ele>
      </trkpt>
      <trkpt lat="50.50249" lon="-114.80131">
        <ele>1904.15</ele>
      </trkpt>
      <trkpt lat="50.50253" lon="-114.80125">
        <ele>1905.07</ele>
      </trkpt>
      <trkpt lat="50.50257" lon="-114.80119">
        <ele>1906.24</ele>
      </trkpt>
      <trkpt lat="50.50261" lon="-114.80113">
        <ele>1907.6</ele>
      </trkpt>
      <trkpt lat="50.50264" lon="-114.80106">
        <ele>1908.33</ele>
      </trkpt>
      <trkpt lat="50.50268" lon="-114.80098">
        <ele>1909.9</ele>
      </trkpt>
      <trkpt lat="50.5027" lon="-114.8009">
        <ele>1910.48</ele>
      </trkpt>
      <trkpt lat="50.50273" lon="-114.80082">
        <ele>1912.04</ele>
      </trkpt>
      <trkpt lat="50.50273" lon="-114.80074">
        <ele>1910.98</ele>
      </trkpt>
      <trkpt lat="50.50274" lon="-114.80066">
        <ele>1910.8</ele>
      </trkpt>
      <trkpt lat="50.50275" lon="-114.80058">
        <ele>1910.7</ele>
      </trkpt>
      <trkpt lat="50.50276" lon="-114.8005">
        <ele>1908.43</ele>
      </trkpt>
      <trkpt lat="50.50277" lon="-114.80041">
        <ele>1904.51</ele>
      </trkpt>
      <trkpt lat="50.50279" lon="-114.80033">
        <ele>1901.47</ele>
      </trkpt>
      <trkpt lat="50.50282" lon="-114.80026">
        <ele>1899.66</ele>
      </trkpt>
      <trkpt lat="50.50284" lon="-114.80018">
        <ele>1897.48</ele>
      </trkpt>
      <trkpt lat="50.50286" lon="-114.8001">
        <ele>1895.55</ele>
      </trkpt>
      <trkpt lat="50.50288" lon="-114.80002">
        <ele>1893.87</ele>
      </trkpt>
      <trkpt lat="50.5029" lon="-114.79994">
        <ele>1892.64</ele>
      </trkpt>
      <trkpt lat="50.50293" lon="-114.79986">
        <ele>1892.24</ele>
      </trkpt>
      <trkpt lat="50.50295" lon="-114.79978">
        <ele>1891.02</ele>
      </trkpt>
      <trkpt lat="50.50297" lon="-114.7997">
        <ele>1889.97</ele>
      </trkpt>
      <trkpt lat="50.50299" lon="-114.79962">
        <ele>1889.36</ele>
      </trkpt>
      <trkpt lat="50.50301" lon="-114.79954">
        <ele>1888.63</ele>
      </trkpt>
      <trkpt lat="50.50302" lon="-114.79946">
        <ele>1887.12</ele>
      </trkpt>
      <trkpt lat="50.50303" lon="-114.79938">
        <ele>1886.52</ele>
      </trkpt>
      <trkpt lat="50.50305" lon="-114.7993">
        <ele>1886.61</ele>
      </trkpt>
      <trkpt lat="50.50308" lon="-114.79922">
        <ele>1887.21</ele>
      </trkpt>
      <trkpt lat="50.5031" lon="-114.79914">
        <ele>1887.48</ele>
      </trkpt>
      <trkpt lat="50.50312" lon="-114.79907">
        <ele>1888.31</ele>
      </trkpt>
      <trkpt lat="50.50314" lon="-114.79899">
        <ele>1888.9</ele>
      </trkpt>
      <trkpt lat="50.50317" lon="-114.79891">
        <ele>1889.69</ele>
      </trkpt>
      <trkpt lat="50.50319" lon="-114.79883">
        <ele>1890.66</ele>
      </trkpt>
      <trkpt lat="50.50321" lon="-114.79875">
        <ele>1891.73</ele>
      </trkpt>
      <trkpt lat="50.50324" lon="-114.79867">
        <ele>1892.84</ele>
      </trkpt>
      <trkpt lat="50.50328" lon="-114.7986">
        <ele>1893.93</ele>
      </trkpt>
      <trkpt lat="50.50331" lon="-114.79852">
        <ele>1895.15</ele>
      </trkpt>
      <trkpt lat="50.50335" lon="-114.79844">
        <ele>1896.74</ele>
      </trkpt>
      <trkpt lat="50.50338" lon="-114.79837">
        <ele>1898.0</ele>
      </trkpt>
      <trkpt lat="50.50342" lon="-114.79829">
        <ele>1899.29</ele>
      </trkpt>
      <trkpt lat="50.50345" lon="-114.79822">
        <ele>1900.18</ele>
      </trkpt>
      <trkpt lat="50.50349" lon="-114.79816">
        <ele>1901.22</ele>
      </trkpt>
      <trkpt lat="50.50353" lon="-114.7981">
        <ele>1902.2</ele>
      </trkpt>
      <trkpt lat="50.50357" lon="-114.79804">
        <ele>1902.74</ele>
      </trkpt>
      <trkpt lat="50.50361" lon="-114.79798">
        <ele>1901.81</ele>
      </trkpt>
      <trkpt lat="50.50365" lon="-114.79793">
        <ele>1900.41</ele>
      </trkpt>
      <trkpt lat="50.50369" lon="-114.79785">
        <ele>1898.7</ele>
      </trkpt>
      <trkpt lat="50.50373" lon="-114.7978">
        <ele>1898.11</ele>
      </trkpt>
      <trkpt lat="50.50378" lon="-114.79781">
        <ele>1898.87</ele>
      </trkpt>
      <trkpt lat="50.50383" lon="-114.79785">
        <ele>1899.8</ele>
      </trkpt>
      <trkpt lat="50.50387" lon="-114.79789">
        <ele>1900.32</ele>
      </trkpt>
      <trkpt lat="50.50393" lon="-114.79788">
        <ele>1901.88</ele>
      </trkpt>
      <trkpt lat="50.50397" lon="-114.79783">
        <ele>1902.85</ele>
      </trkpt>
      <trkpt lat="50.50401" lon="-114.79775">
        <ele>1903.73</ele>
      </trkpt>
      <trkpt lat="50.50402" lon="-114.79767">
        <ele>1904.62</ele>
      </trkpt>
      <trkpt lat="50.50404" lon="-114.79759">
        <ele>1905.53</ele>
      </trkpt>
      <trkpt lat="50.50405" lon="-114.79751">
        <ele>1906.11</ele>
      </trkpt>
      <trkpt lat="50.50408" lon="-114.79743">
        <ele>1907.46</ele>
      </trkpt>
      <trkpt lat="50.50413" lon="-114.79739">
        <ele>1908.37</ele>
      </trkpt>
      <trkpt lat="50.50417" lon="-114.79735">
        <ele>1909.31</ele>
      </trkpt>
      <trkpt lat="50.50418" lon="-114.79727">
        <ele>1910.87</ele>
      </trkpt>
      <trkpt lat="50.50422" lon="-114.79723">
        <ele>1913.02</ele>
      </trkpt>
      <trkpt lat="50.50423" lon="-114.79715">
        <ele>1914.23</ele>
      </trkpt>
      <trkpt lat="50.50428" lon="-114.79712">
        <ele>1916.44</ele>
      </trkpt>
      <trkpt lat="50.50432" lon="-114.79709">
        <ele>1918.24</ele>
      </trkpt>
      <trkpt lat="50.50438" lon="-114.7971">
        <ele>1920.43</ele>
      </trkpt>
      <trkpt lat="50.50444" lon="-114.79709">
        <ele>1922.78</ele>
      </trkpt>
      <trkpt lat="50.5045" lon="-114.79711">
        <ele>1922.92</ele>
      </trkpt>
      <trkpt lat="50.50457" lon="-114.79712">
        <ele>1923.17</ele>
      </trkpt>
      <trkpt lat="50.50458" lon="-114.79712">
        <ele>1923.2</ele>
      </trkpt>
      <trkpt lat="50.50463" lon="-114.79714">
        <ele>1923.76</ele>
      </trkpt>
      <trkpt lat="50.50469" lon="-114.79713">
        <ele>1923.86</ele>
      </trkpt>
      <trkpt lat="50.50475" lon="-114.79714">
        <ele>1924.61</ele>
      </trkpt>
      <trkpt lat="50.50479" lon="-114.7971">
        <ele>1923.66</ele>
      </trkpt>
      <trkpt lat="50.50485" lon="-114.79708">
        <ele>1923.54</ele>
      </trkpt>
      <trkpt lat="50.50489" lon="-114.79704">
        <ele>1922.51</ele>
      </trkpt>
      <trkpt lat="50.50494" lon="-114.797">
        <ele>1921.52</ele>
      </trkpt>
      <trkpt lat="50.50498" lon="-114.79696">
        <ele>1920.41</ele>
      </trkpt>
      <trkpt lat="50.50503" lon="-114.79692">
        <ele>1920.21</ele>
      </trkpt>
      <trkpt lat="50.50507" lon="-114.79686">
        <ele>1919.79</ele>
      </trkpt>
      <trkpt lat="50.50511" lon="-114.79681">
        <ele>1919.48</ele>
      </trkpt>
      <trkpt lat="50.50515" lon="-114.79675">
        <ele>1918.82</ele>
      </trkpt>
      <trkpt lat="50.50518" lon="-114.79667">
        <ele>1917.33</ele>
      </trkpt>
      <trkpt lat="50.50522" lon="-114.7966">
        <ele>1916.52</ele>
      </trkpt>
      <trkpt lat="50.50524" lon="-114.79652">
        <ele>1915.15</ele>
      </trkpt>
      <trkpt lat="50.50522" lon="-114.79643">
        <ele>1912.85</ele>
      </trkpt>
      <trkpt lat="50.50522" lon="-114.79634">
        <ele>1911.78</ele>
      </trkpt>
      <trkpt lat="50.50521" lon="-114.79626">
        <ele>1911.32</ele>
      </trkpt>
      <trkpt lat="50.50519" lon="-114.79617">
        <ele>1910.63</ele>
      </trkpt>
      <trkpt lat="50.50518" lon="-114.79608">
        <ele>1910.57</ele>
      </trkpt>
      <trkpt lat="50.50515" lon="-114.79599">
        <ele>1910.84</ele>
      </trkpt>
      <trkpt lat="50.50513" lon="-114.79591">
        <ele>1911.08</ele>
      </trkpt>
      <trkpt lat="50.50512" lon="-114.79582">
        <ele>1911.68</ele>
      </trkpt>
      <trkpt lat="50.5051" lon="-114.79573">
        <ele>1912.53</ele>
      </trkpt>
      <trkpt lat="50.50509" lon="-114.79564">
        <ele>1913.58</ele>
      </trkpt>
      <trkpt lat="50.50508" lon="-114.79556">
        <ele>1914.39</ele>
      </trkpt>
      <trkpt lat="50.50506" lon="-114.79547">
        <ele>1914.61</ele>
      </trkpt>
      <trkpt lat="50.50506" lon="-114.79539">
        <ele>1915.56</ele>
      </trkpt>
      <trkpt lat="50.50507" lon="-114.79531">
        <ele>1917.13</ele>
      </trkpt>
      <trkpt lat="50.50508" lon="-114.79522">
        <ele>1919.52</ele>
      </trkpt>
      <trkpt lat="50.50509" lon="-114.79514">
        <ele>1922.12</ele>
      </trkpt>
      <trkpt lat="50.50512" lon="-114.79506">
        <ele>1926.39</ele>
      </trkpt>
      <trkpt lat="50.50512" lon="-114.79498">
        <ele>1928.32</ele>
      </trkpt>
      <trkpt lat="50.50513" lon="-114.7949">
        <ele>1930.61</ele>
      </trkpt>
      <trkpt lat="50.50516" lon="-114.79482">
        <ele>1934.29</ele>
      </trkpt>
      <trkpt lat="50.50517" lon="-114.79474">
        <ele>1936.34</ele>
      </trkpt>
      <trkpt lat="50.5052" lon="-114.79466">
        <ele>1938.48</ele>
      </trkpt>
      <trkpt lat="50.50525" lon="-114.79462">
        <ele>1941.51</ele>
      </trkpt>
      <trkpt lat="50.50529" lon="-114.79456">
        <ele>1943.17</ele>
      </trkpt>
      <trkpt lat="50.50533" lon="-114.79452">
        <ele>1943.88</ele>
      </trkpt>
      <trkpt lat="50.50537" lon="-114.79447">
        <ele>1944.3</ele>
      </trkpt>
      <trkpt lat="50.50543" lon="-114.79448">
        <ele>1945.82</ele>
      </trkpt>
      <trkpt lat="50.50549" lon="-114.79446">
        <ele>1946.87</ele>
      </trkpt>
      <trkpt lat="50.50555" lon="-114.79447">
        <ele>1948.42</ele>
      </trkpt>
      <trkpt lat="50.50559" lon="-114.79443">
        <ele>1948.1</ele>
      </trkpt>
      <trkpt lat="50.5056" lon="-114.79443">
        <ele>1948.25</ele>
      </trkpt>
      <trkpt lat="50.50565" lon="-114.79441">
        <ele>1948.49</ele>
      </trkpt>
      <trkpt lat="50.50569" lon="-114.79437">
        <ele>1948.18</ele>
      </trkpt>
      <trkpt lat="50.50575" lon="-114.79438">
        <ele>1949.43</ele>
      </trkpt>
      <trkpt lat="50.5058" lon="-114.79436">
        <ele>1949.89</ele>
      </trkpt>
      <trkpt lat="50.50586" lon="-114.79436">
        <ele>1950.93</ele>
      </trkpt>
      <trkpt lat="50.50592" lon="-114.79435">
        <ele>1951.88</ele>
      </trkpt>
      <trkpt lat="50.50598" lon="-114.79435">
        <ele>1952.97</ele>
      </trkpt>
      <trkpt lat="50.50603" lon="-114.79434">
        <ele>1953.93</ele>
      </trkpt>
      <trkpt lat="50.50609" lon="-114.79434">
        <ele>1955.09</ele>
      </trkpt>
      <trkpt lat="50.50615" lon="-114.79434">
        <ele>1955.66</ele>
      </trkpt>
      <trkpt lat="50.5062" lon="-114.79433">
        <ele>1955.95</ele>
      </trkpt>
      <trkpt lat="50.50626" lon="-114.79433">
        <ele>1956.15</ele>
      </trkpt>
      <trkpt lat="50.50632" lon="-114.79432">
        <ele>1956.36</ele>
      </trkpt>
      <trkpt lat="50.50638" lon="-114.79434">
        <ele>1956.59</ele>
      </trkpt>
      <trkpt lat="50.50644" lon="-114.79433">
        <ele>1956.62</ele>
      </trkpt>
      <trkpt lat="50.50649" lon="-114.79433">
        <ele>1956.65</ele>
      </trkpt>
      <trkpt lat="50.50655" lon="-114.79432">
        <ele>1956.61</ele>
      </trkpt>
      <trkpt lat="50.50661" lon="-114.79432">
        <ele>1956.63</ele>
      </trkpt>
      <trkpt lat="50.50666" lon="-114.7943">
        <ele>1956.44</ele>
      </trkpt>
      <trkpt lat="50.50672" lon="-114.79431">
        <ele>1956.37</ele>
      </trkpt>
      <trkpt lat="50.50676" lon="-114.79425">
        <ele>1955.3</ele>
      </trkpt>
      <trkpt lat="50.50681" lon="-114.79421">
        <ele>1954.24</ele>
      </trkpt>
      <trkpt lat="50.50685" lon="-114.79417">
        <ele>1953.09</ele>
      </trkpt>
      <trkpt lat="50.5069" lon="-114.79413">
        <ele>1952.12</ele>
      </trkpt>
      <trkpt lat="50.50695" lon="-114.79411">
        <ele>1951.07</ele>
      </trkpt>
      <trkpt lat="50.50698" lon="-114.79403">
        <ele>1949.2</ele>
      </trkpt>
      <trkpt lat="50.50702" lon="-114.79398">
        <ele>1947.4</ele>
      </trkpt>
      <trkpt lat="50.50706" lon="-114.7939">
        <ele>1944.88</ele>
      </trkpt>
      <trkpt lat="50.5071" lon="-114.79384">
        <ele>1942.89</ele>
      </trkpt>
      <trkpt lat="50.50713" lon="-114.79377">
        <ele>1941.09</ele>
      </trkpt>
      <trkpt lat="50.50718" lon="-114.79374">
        <ele>1939.15</ele>
      </trkpt>
      <trkpt lat="50.50723" lon="-114.7937">
        <ele>1937.35</ele>
      </trkpt>
      <trkpt lat="50.50728" lon="-114.79368">
        <ele>1937.51</ele>
      </trkpt>
      <trkpt lat="50.50732" lon="-114.79361">
        <ele>1937.05</ele>
      </trkpt>
      <trkpt lat="50.50736" lon="-114.79355">
        <ele>1937.27</ele>
      </trkpt>
      <trkpt lat="50.50739" lon="-114.79347">
        <ele>1937.41</ele>
      </trkpt>
      <trkpt lat="50.50743" lon="-114.79341">
        <ele>1937.88</ele>
      </trkpt>
      <trkpt lat="50.50747" lon="-114.79334">
        <ele>1938.47</ele>
      </trkpt>
      <trkpt lat="50.50752" lon="-114.79331">
        <ele>1939.09</ele>
      </trkpt>
      <trkpt lat="50.50756" lon="-114.79327">
        <ele>1939.45</ele>
      </trkpt>
      <trkpt lat="50.50761" lon="-114.79325">
        <ele>1940.09</ele>
      </trkpt>
      <trkpt lat="50.50765" lon="-114.79318">
        <ele>1941.02</ele>
      </trkpt>
      <trkpt lat="50.50769" lon="-114.79314">
        <ele>1942.05</ele>
      </trkpt>
      <trkpt lat="50.50773" lon="-114.79306">
        <ele>1943.75</ele>
      </trkpt>
      <trkpt lat="50.50778" lon="-114.79304">
        <ele>1945.16</ele>
      </trkpt>
      <trkpt lat="50.50783" lon="-114.793">
        <ele>1947.49</ele>
      </trkpt>
      <trkpt lat="50.50788" lon="-114.79297">
        <ele>1949.64</ele>
      </trkpt>
      <trkpt lat="50.50792" lon="-114.79293">
        <ele>1951.18</ele>
      </trkpt>
      <trkpt lat="50.50797" lon="-114.79291">
        <ele>1953.07</ele>
      </trkpt>
      <trkpt lat="50.50803" lon="-114.79289">
        <ele>1955.24</ele>
      </trkpt>
      <trkpt lat="50.50808" lon="-114.79287">
        <ele>1956.99</ele>
      </trkpt>
      <trkpt lat="50.50813" lon="-114.79286">
        <ele>1958.95</ele>
      </trkpt>
      <trkpt lat="50.50817" lon="-114.79281">
        <ele>1960.2</ele>
      </trkpt>
      <trkpt lat="50.50821" lon="-114.79273">
        <ele>1960.83</ele>
      </trkpt>
      <trkpt lat="50.50825" lon="-114.79267">
        <ele>1961.62</ele>
      </trkpt>
      <trkpt lat="50.50829" lon="-114.79261">
        <ele>1962.52</ele>
      </trkpt>
      <trkpt lat="50.50833" lon="-114.79255">
        <ele>1963.56</ele>
      </trkpt>
      <trkpt lat="50.50837" lon="-114.79251">
        <ele>1965.24</ele>
      </trkpt>
      <trkpt lat="50.50842" lon="-114.79247">
        <ele>1966.95</ele>
      </trkpt>
      <trkpt lat="50.50846" lon="-114.79242">
        <ele>1967.55</ele>
      </trkpt>
      <trkpt lat="50.50851" lon="-114.79238">
        <ele>1969.13</ele>
      </trkpt>
      <trkpt lat="50.50855" lon="-114.79234">
        <ele>1970.17</ele>
      </trkpt>
      <trkpt lat="50.50859" lon="-114.79228">
        <ele>1970.6</ele>
      </trkpt>
      <trkpt lat="50.50864" lon="-114.79224">
        <ele>1971.14</ele>
      </trkpt>
      <trkpt lat="50.50869" lon="-114.79222">
        <ele>1971.65</ele>
      </trkpt>
      <trkpt lat="50.50873" lon="-114.79218">
        <ele>1971.68</ele>
      </trkpt>
      <trkpt lat="50.50879" lon="-114.79215">
        <ele>1972.62</ele>
      </trkpt>
      <trkpt lat="50.50884" lon="-114.79213">
        <ele>1973.66</ele>
      </trkpt>
      <trkpt lat="50.50888" lon="-114.79209">
        <ele>1974.3</ele>
      </trkpt>
      <trkpt lat="50.50893" lon="-114.79205">
        <ele>1974.89</ele>
      </trkpt>
      <trkpt lat="50.50897" lon="-114.79201">
        <ele>1975.41</ele>
      </trkpt>
      <trkpt lat="50.50902" lon="-114.79197">
        <ele>1976.36</ele>
      </trkpt>
      <trkpt lat="50.50907" lon="-114.79193">
        <ele>1977.6</ele>
      </trkpt>
      <trkpt lat="50.50912" lon="-114.79191">
        <ele>1978.99</ele>
      </trkpt>
      <trkpt lat="50.50916" lon="-114.79187">
        <ele>1980.34</ele>
      </trkpt>
      <trkpt lat="50.50921" lon="-114.79185">
        <ele>1981.57</ele>
      </trkpt>
      <trkpt lat="50.50926" lon="-114.79181">
        <ele>1982.97</ele>
      </trkpt>
      <trkpt lat="50.50931" lon="-114.79178">
        <ele>1984.37</ele>
      </trkpt>
      <trkpt lat="50.50936" lon="-114.79176">
        <ele>1985.73</ele>
      </trkpt>
      <trkpt lat="50.50941" lon="-114.79174">
        <ele>1987.14</ele>
      </trkpt>
      <trkpt lat="50.50947" lon="-114.79173">
        <ele>1987.74</ele>
      </trkpt>
      <trkpt lat="50.50951" lon="-114.79166">
        <ele>1988.21</ele>
      </trkpt>
      <trkpt lat="50.50955" lon="-114.79162">
        <ele>1988.44</ele>
      </trkpt>
      <trkpt lat="50.50959" lon="-114.79155">
        <ele>1988.94</ele>
      </trkpt>
      <trkpt lat="50.50964" lon="-114.79154">
        <ele>1987.91</ele>
      </trkpt>
      <trkpt lat="50.50969" lon="-114.7915">
        <ele>1987.08</ele>
      </trkpt>
      <trkpt lat="50.50974" lon="-114.79148">
        <ele>1986.43</ele>
      </trkpt>
      <trkpt lat="50.50979" lon="-114.79144">
        <ele>1986.7</ele>
      </trkpt>
      <trkpt lat="50.50983" lon="-114.79139">
        <ele>1986.61</ele>
      </trkpt>
      <trkpt lat="50.50984" lon="-114.79131">
        <ele>1987.07</ele>
      </trkpt>
      <trkpt lat="50.50987" lon="-114.79127">
        <ele>1987.07</ele>
      </trkpt>
      <trkpt lat="50.50988" lon="-114.79119">
        <ele>1987.36</ele>
      </trkpt>
      <trkpt lat="50.50993" lon="-114.79115">
        <ele>1986.9</ele>
      </trkpt>
      <trkpt lat="50.50997" lon="-114.79109">
        <ele>1986.38</ele>
      </trkpt>
      <trkpt lat="50.51001" lon="-114.79105">
        <ele>1985.73</ele>
      </trkpt>
      <trkpt lat="50.51005" lon="-114.79098">
        <ele>1985.18</ele>
      </trkpt>
      <trkpt lat="50.51011" lon="-114.79097">
        <ele>1984.69</ele>
      </trkpt>
      <trkpt lat="50.51016" lon="-114.79096">
        <ele>1984.25</ele>
      </trkpt>
      <trkpt lat="50.5102" lon="-114.79091">
        <ele>1983.51</ele>
      </trkpt>
      <trkpt lat="50.51024" lon="-114.79083">
        <ele>1982.39</ele>
      </trkpt>
      <trkpt lat="50.51027" lon="-114.79075">
        <ele>1981.52</ele>
      </trkpt>
      <trkpt lat="50.51031" lon="-114.79068">
        <ele>1982.15</ele>
      </trkpt>
      <trkpt lat="50.51035" lon="-114.79062">
        <ele>1983.05</ele>
      </trkpt>
      <trkpt lat="50.51039" lon="-114.79056">
        <ele>1983.69</ele>
      </trkpt>
      <trkpt lat="50.51043" lon="-114.79052">
        <ele>1984.51</ele>
      </trkpt>
      <trkpt lat="50.51047" lon="-114.79046">
        <ele>1984.8</ele>
      </trkpt>
      <trkpt lat="50.51049" lon="-114.79038">
        <ele>1983.98</ele>
      </trkpt>
      <trkpt lat="50.51049" lon="-114.7903">
        <ele>1982.66</ele>
      </trkpt>
      <trkpt lat="50.5105" lon="-114.79022">
        <ele>1982.19</ele>
      </trkpt>
      <trkpt lat="50.5105" lon="-114.79013">
        <ele>1981.87</ele>
      </trkpt>
      <trkpt lat="50.51051" lon="-114.79005">
        <ele>1981.69</ele>
      </trkpt>
      <trkpt lat="50.51051" lon="-114.78997">
        <ele>1981.09</ele>
      </trkpt>
      <trkpt lat="50.51053" lon="-114.78989">
        <ele>1980.18</ele>
      </trkpt>
      <trkpt lat="50.51057" lon="-114.78983">
        <ele>1980.23</ele>
      </trkpt>
      <trkpt lat="50.51062" lon="-114.78981">
        <ele>1982.28</ele>
      </trkpt>
      <trkpt lat="50.51067" lon="-114.78979">
        <ele>1984.33</ele>
      </trkpt>
      <trkpt lat="50.51072" lon="-114.78976">
        <ele>1986.24</ele>
      </trkpt>
      <trkpt lat="50.51078" lon="-114.78975">
        <ele>1988.9</ele>
      </trkpt>
      <trkpt lat="50.51082" lon="-114.7897">
        <ele>1990.22</ele>
      </trkpt>
      <trkpt lat="50.51085" lon="-114.78963">
        <ele>1990.96</ele>
      </trkpt>
      <trkpt lat="50.51089" lon="-114.78955">
        <ele>1991.75</ele>
      </trkpt>
      <trkpt lat="50.51092" lon="-114.78947">
        <ele>1992.05</ele>
      </trkpt>
      <trkpt lat="50.51096" lon="-114.7894">
        <ele>1992.87</ele>
      </trkpt>
      <trkpt lat="50.51099" lon="-114.78932">
        <ele>1993.38</ele>
      </trkpt>
      <trkpt lat="50.51103" lon="-114.78926">
        <ele>1994.24</ele>
      </trkpt>
      <trkpt lat="50.51107" lon="-114.7892">
        <ele>1995.04</ele>
      </trkpt>
      <trkpt lat="50.51111" lon="-114.78915">
        <ele>1995.73</ele>
      </trkpt>
      <trkpt lat="50.51115" lon="-114.78909">
        <ele>1995.85</ele>
      </trkpt>
      <trkpt lat="50.5112" lon="-114.78905">
        <ele>1996.64</ele>
      </trkpt>
      <trkpt lat="50.51123" lon="-114.78898">
        <ele>1996.74</ele>
      </trkpt>
      <trkpt lat="50.51128" lon="-114.78895">
        <ele>1997.95</ele>
      </trkpt>
      <trkpt lat="50.51133" lon="-114.78891">
        <ele>1999.22</ele>
      </trkpt>
      <trkpt lat="50.51138" lon="-114.78887">
        <ele>2000.72</ele>
      </trkpt>
      <trkpt lat="50.51142" lon="-114.78883">
        <ele>2001.58</ele>
      </trkpt>
      <trkpt lat="50.51147" lon="-114.78879">
        <ele>2002.56</ele>
      </trkpt>
      <trkpt lat="50.51151" lon="-114.78875">
        <ele>2003.4</ele>
      </trkpt>
      <trkpt lat="50.51156" lon="-114.78871">
        <ele>2004.48</ele>
      </trkpt>
      <trkpt lat="50.51162" lon="-114.78872">
        <ele>2005.67</ele>
      </trkpt>
      <trkpt lat="50.51168" lon="-114.78872">
        <ele>2007.09</ele>
      </trkpt>
      <trkpt lat="50.51174" lon="-114.78873">
        <ele>2009.18</ele>
      </trkpt>
      <trkpt lat="50.5118" lon="-114.78873">
        <ele>2011.3</ele>
      </trkpt>
      <trkpt lat="50.51186" lon="-114.78874">
        <ele>2013.27</ele>
      </trkpt>
      <trkpt lat="50.51191" lon="-114.7887">
        <ele>2015.79</ele>
      </trkpt>
      <trkpt lat="50.51196" lon="-114.78868">
        <ele>2018.06</ele>
      </trkpt>
      <trkpt lat="50.512" lon="-114.78864">
        <ele>2020.36</ele>
      </trkpt>
      <trkpt lat="50.51205" lon="-114.78861">
        <ele>2022.84</ele>
      </trkpt>
      <trkpt lat="50.51209" lon="-114.78854">
        <ele>2027.08</ele>
      </trkpt>
      <trkpt lat="50.51213" lon="-114.7885">
        <ele>2030.35</ele>
      </trkpt>
      <trkpt lat="50.51217" lon="-114.78843">
        <ele>2035.11</ele>
      </trkpt>
      <trkpt lat="50.51223" lon="-114.78844">
        <ele>2037.21</ele>
      </trkpt>
      <trkpt lat="50.51228" lon="-114.78842">
        <ele>2039.37</ele>
      </trkpt>
      <trkpt lat="50.51234" lon="-114.78841">
        <ele>2041.23</ele>
      </trkpt>
      <trkpt lat="50.5124" lon="-114.78841">
        <ele>2042.67</ele>
      </trkpt>
      <trkpt lat="50.51245" lon="-114.78838">
        <ele>2044.74</ele>
      </trkpt>
      <trkpt lat="50.51251" lon="-114.7884">
        <ele>2045.57</ele>
      </trkpt>
      <trkpt lat="50.51256" lon="-114.78844">
        <ele>2045.71</ele>
      </trkpt>
      <trkpt lat="50.51261" lon="-114.78847">
        <ele>2045.94</ele>
      </trkpt>
      <trkpt lat="50.51266" lon="-114.78852">
        <ele>2045.36</ele>
      </trkpt>
      <trkpt lat="50.51273" lon="-114.78853">
        <ele>2046.32</ele>
      </trkpt>
      <trkpt lat="50.51278" lon="-114.78851">
        <ele>2048.01</ele>
      </trkpt>
      <trkpt lat="50.51283" lon="-114.7885">
        <ele>2048.59</ele>
      </trkpt>
      <trkpt lat="50.51289" lon="-114.7885">
        <ele>2048.8</ele>
      </trkpt>
      <trkpt lat="50.51294" lon="-114.78848">
        <ele>2049.99</ele>
      </trkpt>
      <trkpt lat="50.513" lon="-114.78849">
        <ele>2049.74</ele>
      </trkpt>
      <trkpt lat="50.51305" lon="-114.78845">
        <ele>2052.24</ele>
      </trkpt>
      <trkpt lat="50.5131" lon="-114.78843">
        <ele>2053.32</ele>
      </trkpt>
      <trkpt lat="50.51315" lon="-114.78839">
        <ele>2055.6</ele>
      </trkpt>
      <trkpt lat="50.5132" lon="-114.78837">
        <ele>2056.75</ele>
      </trkpt>
      <trkpt lat="50.51324" lon="-114.78833">
        <ele>2059.16</ele>
      </trkpt>
      <trkpt lat="50.5133" lon="-114.7883">
        <ele>2060.65</ele>
      </trkpt>
      <trkpt lat="50.51334" lon="-114.78827">
        <ele>2062.2</ele>
      </trkpt>
      <trkpt lat="50.5134" lon="-114.78828">
        <ele>2061.79</ele>
      </trkpt>
      <trkpt lat="50.51345" lon="-114.78826">
        <ele>2062.78</ele>
      </trkpt>
      <trkpt lat="50.51351" lon="-114.78825">
        <ele>2063.26</ele>
      </trkpt>
      <trkpt lat="50.51357" lon="-114.78825">
        <ele>2063.29</ele>
      </trkpt>
      <trkpt lat="50.51363" lon="-114.78824">
        <ele>2063.79</ele>
      </trkpt>
      <trkpt lat="50.51368" lon="-114.78824">
        <ele>2064.03</ele>
      </trkpt>
      <trkpt lat="50.51374" lon="-114.78825">
        <ele>2063.95</ele>
      </trkpt>
      <trkpt lat="50.51381" lon="-114.78827">
        <ele>2063.61</ele>
      </trkpt>
      <trkpt lat="50.51387" lon="-114.78828">
        <ele>2063.62</ele>
      </trkpt>
      <trkpt lat="50.51393" lon="-114.78829">
        <ele>2064.7</ele>
      </trkpt>
      <trkpt lat="50.51399" lon="-114.78831">
        <ele>2065.82</ele>
      </trkpt>
      <trkpt lat="50.51405" lon="-114.78834">
        <ele>2066.53</ele>
      </trkpt>
      <trkpt lat="50.51411" lon="-114.78835">
        <ele>2068.17</ele>
      </trkpt>
      <trkpt lat="50.51415" lon="-114.78841">
        <ele>2068.87</ele>
      </trkpt>
      <trkpt lat="50.5142" lon="-114.78845">
        <ele>2070.06</ele>
      </trkpt>
      <trkpt lat="50.51425" lon="-114.78851">
        <ele>2070.58</ele>
      </trkpt>
      <trkpt lat="50.51431" lon="-114.78853">
        <ele>2071.55</ele>
      </trkpt>
      <trkpt lat="50.51436" lon="-114.78856">
        <ele>2071.92</ele>
      </trkpt>
      <trkpt lat="50.51442" lon="-114.78859">
        <ele>2072.22</ele>
      </trkpt>
      <trkpt lat="50.51448" lon="-114.7886">
        <ele>2073.74</ele>
      </trkpt>
      <trkpt lat="50.51452" lon="-114.78866">
        <ele>2073.34</ele>
      </trkpt>
      <trkpt lat="50.51457" lon="-114.78871">
        <ele>2073.32</ele>
      </trkpt>
      <trkpt lat="50.5146" lon="-114.78879">
        <ele>2071.2</ele>
      </trkpt>
      <trkpt lat="50.51463" lon="-114.78887">
        <ele>2068.78</ele>
      </trkpt>
      <trkpt lat="50.51466" lon="-114.78896">
        <ele>2065.9</ele>
      </trkpt>
      <trkpt lat="50.51469" lon="-114.78905">
        <ele>2062.44</ele>
      </trkpt>
      <trkpt lat="50.51473" lon="-114.78912">
        <ele>2059.43</ele>
      </trkpt>
      <trkpt lat="50.51476" lon="-114.7892">
        <ele>2056.98</ele>
      </trkpt>
      <trkpt lat="50.51479" lon="-114.78927">
        <ele>2055.2</ele>
      </trkpt>
      <trkpt lat="50.51484" lon="-114.78933">
        <ele>2054.19</ele>
      </trkpt>
      <trkpt lat="50.51487" lon="-114.7894">
        <ele>2052.05</ele>
      </trkpt>
      <trkpt lat="50.51493" lon="-114.78944">
        <ele>2051.68</ele>
      </trkpt>
      <trkpt lat="50.51497" lon="-114.78942">
        <ele>2053.47</ele>
      </trkpt>
      <trkpt lat="50.51498" lon="-114.78935">
        <ele>2056.91</ele>
      </trkpt>
      <trkpt lat="50.515" lon="-114.78928">
        <ele>2060.7</ele>
      </trkpt>
      <trkpt lat="50.51504" lon="-114.78923">
        <ele>2064.23</ele>
      </trkpt>
      <trkpt lat="50.51508" lon="-114.78924">
        <ele>2064.93</ele>
      </trkpt>
      <trkpt lat="50.51512" lon="-114.78931">
        <ele>2062.51</ele>
      </trkpt>
      <trkpt lat="50.51516" lon="-114.78937">
        <ele>2060.4</ele>
      </trkpt>
      <trkpt lat="50.5152" lon="-114.78945">
        <ele>2057.18</ele>
      </trkpt>
      <trkpt lat="50.51524" lon="-114.78951">
        <ele>2056.78</ele>
      </trkpt>
      <trkpt lat="50.51527" lon="-114.78955">
        <ele>2056.86</ele>
      </trkpt>
      <trkpt lat="50.51531" lon="-114.7895">
        <ele>2060.23</ele>
      </trkpt>
      <trkpt lat="50.51534" lon="-114.78947">
        <ele>2062.82</ele>
      </trkpt>
      <trkpt lat="50.51539" lon="-114.78948">
        <ele>2066.09</ele>
      </trkpt>
      <trkpt lat="50.51544" lon="-114.78953">
        <ele>2068.74</ele>
      </trkpt>
      <trkpt lat="50.51548" lon="-114.78959">
        <ele>2070.59</ele>
      </trkpt>
      <trkpt lat="50.51552" lon="-114.78965">
        <ele>2072.51</ele>
      </trkpt>
      <trkpt lat="50.51556" lon="-114.78971">
        <ele>2074.61</ele>
      </trkpt>
      <trkpt lat="50.51559" lon="-114.78979">
        <ele>2077.71</ele>
      </trkpt>
      <trkpt lat="50.51564" lon="-114.78985">
        <ele>2082.57</ele>
      </trkpt>
      <trkpt lat="50.51568" lon="-114.78989">
        <ele>2086.22</ele>
      </trkpt>
      <trkpt lat="50.51573" lon="-114.78995">
        <ele>2090.54</ele>
      </trkpt>
      <trkpt lat="50.51578" lon="-114.78998">
        <ele>2094.67</ele>
      </trkpt>
      <trkpt lat="50.51581" lon="-114.79007">
        <ele>2098.18</ele>
      </trkpt>
      <trkpt lat="50.51585" lon="-114.79013">
        <ele>2101.54</ele>
      </trkpt>
      <trkpt lat="50.51589" lon="-114.7902">
        <ele>2104.03</ele>
      </trkpt>
      <trkpt lat="50.51592" lon="-114.79028">
        <ele>2106.16</ele>
      </trkpt>
      <trkpt lat="50.51596" lon="-114.79035">
        <ele>2108.86</ele>
      </trkpt>
      <trkpt lat="50.516" lon="-114.79041">
        <ele>2111.38</ele>
      </trkpt>
      <trkpt lat="50.51603" lon="-114.7905">
        <ele>2114.08</ele>
      </trkpt>
      <trkpt lat="50.51608" lon="-114.79053">
        <ele>2116.42</ele>
      </trkpt>
      <trkpt lat="50.51613" lon="-114.79058">
        <ele>2118.95</ele>
      </trkpt>
      <trkpt lat="50.51619" lon="-114.7906">
        <ele>2121.63</ele>
      </trkpt>
      <trkpt lat="50.51624" lon="-114.79063">
        <ele>2124.14</ele>
      </trkpt>
      <trkpt lat="50.5163" lon="-114.79066">
        <ele>2127.25</ele>
      </trkpt>
      <trkpt lat="50.51636" lon="-114.79068">
        <ele>2130.36</ele>
      </trkpt>
      <trkpt lat="50.51641" lon="-114.79067">
        <ele>2132.5</ele>
      </trkpt>
      <trkpt lat="50.51646" lon="-114.79061">
        <ele>2133.71</ele>
      </trkpt>
      <trkpt lat="50.5165" lon="-114.79057">
        <ele>2134.89</ele>
      </trkpt>
      <trkpt lat="50.51655" lon="-114.79053">
        <ele>2136.96</ele>
      </trkpt>
      <trkpt lat="50.51659" lon="-114.79049">
        <ele>2139.02</ele>
      </trkpt>
      <trkpt lat="50.51664" lon="-114.79045">
        <ele>2142.09</ele>
      </trkpt>
      <trkpt lat="50.51668" lon="-114.79041">
        <ele>2144.36</ele>
      </trkpt>
      <trkpt lat="50.51673" lon="-114.79037">
        <ele>2145.7</ele>
      </trkpt>
      <trkpt lat="50.51677" lon="-114.79031">
        <ele>2146.76</ele>
      </trkpt>
      <trkpt lat="50.51682" lon="-114.79027">
        <ele>2147.77</ele>
      </trkpt>
      <trkpt lat="50.51686" lon="-114.79023">
        <ele>2148.61</ele>
      </trkpt>
      <trkpt lat="50.5169" lon="-114.79018">
        <ele>2149.68</ele>
      </trkpt>
      <trkpt lat="50.51695" lon="-114.79014">
        <ele>2151.03</ele>
      </trkpt>
      <trkpt lat="50.51698" lon="-114.79006">
        <ele>2151.75</ele>
      </trkpt>
      <trkpt lat="50.517" lon="-114.78998">
        <ele>2152.63</ele>
      </trkpt>
      <trkpt lat="50.51699" lon="-114.78989">
        <ele>2154.61</ele>
      </trkpt>
      <trkpt lat="50.51696" lon="-114.7898">
        <ele>2156.89</ele>
      </trkpt>
      <trkpt lat="50.51693" lon="-114.78971">
        <ele>2158.67</ele>
      </trkpt>
      <trkpt lat="50.51691" lon="-114.78962">
        <ele>2159.17</ele>
      </trkpt>
      <trkpt lat="50.51687" lon="-114.78955">
        <ele>2159.11</ele>
      </trkpt>
      <trkpt lat="50.51684" lon="-114.78947">
        <ele>2159.71</ele>
      </trkpt>
      <trkpt lat="50.5168" lon="-114.7894">
        <ele>2160.2</ele>
      </trkpt>
      <trkpt lat="50.51676" lon="-114.78934">
        <ele>2160.56</ele>
      </trkpt>
      <trkpt lat="50.51673" lon="-114.78925">
        <ele>2161.64</ele>
      </trkpt>
      <trkpt lat="50.51672" lon="-114.78916">
        <ele>2162.99</ele>
      </trkpt>
      <trkpt lat="50.51673" lon="-114.78908">
        <ele>2163.59</ele>
      </trkpt>
      <trkpt lat="50.51673" lon="-114.789">
        <ele>2164.01</ele>
      </trkpt>
      <trkpt lat="50.51674" lon="-114.78892">
        <ele>2164.68</ele>
      </trkpt>
      <trkpt lat="50.51675" lon="-114.78883">
        <ele>2165.67</ele>
      </trkpt>
      <trkpt lat="50.51676" lon="-114.78875">
        <ele>2166.68</ele>
      </trkpt>
      <trkpt lat="50.51677" lon="-114.78867">
        <ele>2167.67</ele>
      </trkpt>
      <trkpt lat="50.51675" lon="-114.78858">
        <ele>2168.48</ele>
      </trkpt>
      <trkpt lat="50.51674" lon="-114.7885">
        <ele>2170.07</ele>
      </trkpt>
      <trkpt lat="50.51672" lon="-114.78841">
        <ele>2171.8</ele>
      </trkpt>
      <trkpt lat="50.51672" lon="-114.78832">
        <ele>2173.95</ele>
      </trkpt>
      <trkpt lat="50.51672" lon="-114.78824">
        <ele>2176.2</ele>
      </trkpt>
      <trkpt lat="50.51672" lon="-114.78816">
        <ele>2178.45</ele>
      </trkpt>
      <trkpt lat="50.51672" lon="-114.78807">
        <ele>2180.98</ele>
      </trkpt>
      <trkpt lat="50.5167" lon="-114.78798">
        <ele>2183.66</ele>
      </trkpt>
      <trkpt lat="50.51672" lon="-114.7879">
        <ele>2186.32</ele>
      </trkpt>
      <trkpt lat="50.51676" lon="-114.78783">
        <ele>2188.71</ele>
      </trkpt>
      <trkpt lat="50.51679" lon="-114.78775">
        <ele>2190.84</ele>
      </trkpt>
      <trkpt lat="50.51681" lon="-114.78767">
        <ele>2192.07</ele>
      </trkpt>
      <trkpt lat="50.51683" lon="-114.78759">
        <ele>2193.29</ele>
      </trkpt>
      <trkpt lat="50.51686" lon="-114.78752">
        <ele>2194.41</ele>
      </trkpt>
      <trkpt lat="50.51688" lon="-114.78744">
        <ele>2196.9</ele>
      </trkpt>
      <trkpt lat="50.5169" lon="-114.78736">
        <ele>2199.52</ele>
      </trkpt>
      <trkpt lat="50.51694" lon="-114.78728">
        <ele>2201.42</ele>
      </trkpt>
      <trkpt lat="50.51695" lon="-114.78722">
        <ele>2202.95</ele>
      </trkpt>
      <trkpt lat="50.51691" lon="-114.78716">
        <ele>2206.75</ele>
      </trkpt>
      <trkpt lat="50.51689" lon="-114.78709">
        <ele>2210.2</ele>
      </trkpt>
      <trkpt lat="50.51685" lon="-114.78701">
        <ele>2213.74</ele>
      </trkpt>
      <trkpt lat="50.51682" lon="-114.78692">
        <ele>2216.5</ele>
      </trkpt>
      <trkpt lat="50.5168" lon="-114.78683">
        <ele>2217.82</ele>
      </trkpt>
      <trkpt lat="50.51677" lon="-114.78674">
        <ele>2219.15</ele>
      </trkpt>
      <trkpt lat="50.51674" lon="-114.78665">
        <ele>2220.53</ele>
      </trkpt>
      <trkpt lat="50.51671" lon="-114.78656">
        <ele>2221.96</ele>
      </trkpt>
      <trkpt lat="50.51668" lon="-114.78647">
        <ele>2223.52</ele>
      </trkpt>
      <trkpt lat="50.51667" lon="-114.78638">
        <ele>2225.08</ele>
      </trkpt>
      <trkpt lat="50.51665" lon="-114.7863">
        <ele>2225.84</ele>
      </trkpt>
      <trkpt lat="50.51664" lon="-114.78621">
        <ele>2226.56</ele>
      </trkpt>
      <trkpt lat="50.51663" lon="-114.78612">
        <ele>2227.14</ele>
      </trkpt>
      <trkpt lat="50.51663" lon="-114.78605">
        <ele>2228.12</ele>
      </trkpt>
      <trkpt lat="50.51662" lon="-114.78597">
        <ele>2229.11</ele>
      </trkpt>
      <trkpt lat="50.51658" lon="-114.78591">
        <ele>2229.25</ele>
      </trkpt>
      <trkpt lat="50.51656" lon="-114.78584">
        <ele>2229.97</ele>
      </trkpt>
      <trkpt lat="50.51652" lon="-114.78576">
        <ele>2232.54</ele>
      </trkpt>
      <trkpt lat="50.51649" lon="-114.78569">
        <ele>2235.15</ele>
      </trkpt>
      <trkpt lat="50.51645" lon="-114.78561">
        <ele>2238.2</ele>
      </trkpt>
      <trkpt lat="50.51641" lon="-114.78555">
        <ele>2240.61</ele>
      </trkpt>
      <trkpt lat="50.51639" lon="-114.78548">
        <ele>2245.18</ele>
      </trkpt>
      <trkpt lat="50.51641" lon="-114.7854">
        <ele>2250.91</ele>
      </trkpt>
      <trkpt lat="50.51645" lon="-114.78533">
        <ele>2256.27</ele>
      </trkpt>
      <trkpt lat="50.51648" lon="-114.78525">
        <ele>2261.28</ele>
      </trkpt>
      <trkpt lat="50.5165" lon="-114.78517">
        <ele>2264.25</ele>
      </trkpt>
      <trkpt lat="50.51647" lon="-114.78508">
        <ele>2267.17</ele>
      </trkpt>
      <trkpt lat="50.51647" lon="-114.785">
        <ele>2270.0</ele>
      </trkpt>
      <trkpt lat="50.51646" lon="-114.78491">
        <ele>2272.09</ele>
      </trkpt>
      <trkpt lat="50.51644" lon="-114.78482">
        <ele>2274.47</ele>
      </trkpt>
      <trkpt lat="50.51643" lon="-114.78474">
        <ele>2276.66</ele>
      </trkpt>
      <trkpt lat="50.51641" lon="-114.78465">
        <ele>2279.79</ele>
      </trkpt>
      <trkpt lat="50.51638" lon="-114.78456">
        <ele>2283.04</ele>
      </trkpt>
      <trkpt lat="50.51635" lon="-114.78447">
        <ele>2285.31</ele>
      </trkpt>
      <trkpt lat="50.51633" lon="-114.78438">
        <ele>2287.5</ele>
      </trkpt>
      <trkpt lat="50.5163" lon="-114.78429">
        <ele>2289.51</ele>
      </trkpt>
      <trkpt lat="50.51627" lon="-114.7842">
        <ele>2291.72</ele>
      </trkpt>
      <trkpt lat="50.51624" lon="-114.78411">
        <ele>2293.74</ele>
      </trkpt>
      <trkpt lat="50.51623" lon="-114.78402">
        <ele>2295.83</ele>
      </trkpt>
      <trkpt lat="50.51621" lon="-114.78393">
        <ele>2297.97</ele>
      </trkpt>
      <trkpt lat="50.5162" lon="-114.78385">
        <ele>2300.02</ele>
      </trkpt>
      <trkpt lat="50.51619" lon="-114.78376">
        <ele>2302.38</ele>
      </trkpt>
      <trkpt lat="50.51618" lon="-114.78367">
        <ele>2304.71</ele>
      </trkpt>
      <trkpt lat="50.5162" lon="-114.7836">
        <ele>2306.68</ele>
      </trkpt>
      <trkpt lat="50.51623" lon="-114.78352">
        <ele>2309.47</ele>
      </trkpt>
      <trkpt lat="50.51626" lon="-114.78344">
        <ele>2312.45</ele>
      </trkpt>
      <trkpt lat="50.51628" lon="-114.78336">
        <ele>2315.49</ele>
      </trkpt>
      <trkpt lat="50.5163" lon="-114.78328">
        <ele>2318.13</ele>
      </trkpt>
      <trkpt lat="50.51631" lon="-114.7832">
        <ele>2320.43</ele>
      </trkpt>
      <trkpt lat="50.51634" lon="-114.78312">
        <ele>2323.17</ele>
      </trkpt>
      <trkpt lat="50.51639" lon="-114.78308">
        <ele>2325.3</ele>
      </trkpt>
      <trkpt lat="50.51643" lon="-114.78303">
        <ele>2327.02</ele>
      </trkpt>
      <trkpt lat="50.51647" lon="-114.78297">
        <ele>2329.33</ele>
      </trkpt>
      <trkpt lat="50.51651" lon="-114.78291">
        <ele>2331.84</ele>
      </trkpt>
      <trkpt lat="50.51655" lon="-114.78283">
        <ele>2335.3</ele>
      </trkpt>
      <trkpt lat="50.51656" lon="-114.78277">
        <ele>2337.73</ele>
      </trkpt>
      <trkpt lat="50.51653" lon="-114.78272">
        <ele>2339.01</ele>
      </trkpt>
      <trkpt lat="50.51651" lon="-114.78268">
        <ele>2340.07</ele>
      </trkpt>
      <trkpt lat="50.51654" lon="-114.78263">
        <ele>2342.25</ele>
      </trkpt>
      <trkpt lat="50.51657" lon="-114.78259">
        <ele>2344.13</ele>
      </trkpt>
      <trkpt lat="50.51656" lon="-114.7825">
        <ele>2347.08</ele>
      </trkpt>
      <trkpt lat="50.51654" lon="-114.78241">
        <ele>2348.85</ele>
      </trkpt>
      <trkpt lat="50.51652" lon="-114.78232">
        <ele>2351.08</ele>
      </trkpt>
      <trkpt lat="50.51652" lon="-114.78224">
        <ele>2353.17</ele>
      </trkpt>
      <trkpt lat="50.51652" lon="-114.78216">
        <ele>2355.18</ele>
      </trkpt>
      <trkpt lat="50.51653" lon="-114.78207">
        <ele>2357.31</ele>
      </trkpt>
      <trkpt lat="50.5165" lon="-114.78198">
        <ele>2359.76</ele>
      </trkpt>
      <trkpt lat="50.51649" lon="-114.7819">
        <ele>2362.61</ele>
      </trkpt>
      <trkpt lat="50.51646" lon="-114.78181">
        <ele>2367.25</ele>
      </trkpt>
      <trkpt lat="50.51643" lon="-114.78172">
        <ele>2372.58</ele>
      </trkpt>
      <trkpt lat="50.5164" lon="-114.78163">
        <ele>2377.88</ele>
      </trkpt>
      <trkpt lat="50.51638" lon="-114.78154">
        <ele>2381.33</ele>
      </trkpt>
      <trkpt lat="50.51635" lon="-114.78145">
        <ele>2383.98</ele>
      </trkpt>
      <trkpt lat="50.51632" lon="-114.78136">
        <ele>2386.43</ele>
      </trkpt>
      <trkpt lat="50.51629" lon="-114.78127">
        <ele>2388.46</ele>
      </trkpt>
      <trkpt lat="50.51628" lon="-114.78118">
        <ele>2391.0</ele>
      </trkpt>
      <trkpt lat="50.51626" lon="-114.78109">
        <ele>2393.7</ele>
      </trkpt>
      <trkpt lat="50.51625" lon="-114.781">
        <ele>2395.5</ele>
      </trkpt>
      <trkpt lat="50.51623" lon="-114.78092">
        <ele>2397.3</ele>
      </trkpt>
      <trkpt lat="50.51622" lon="-114.78083">
        <ele>2399.21</ele>
      </trkpt>
      <trkpt lat="50.51619" lon="-114.78074">
        <ele>2404.53</ele>
      </trkpt>
      <trkpt lat="50.51616" lon="-114.78065">
        <ele>2410.41</ele>
      </trkpt>
      <trkpt lat="50.51614" lon="-114.78056">
        <ele>2416.39</ele>
      </trkpt>
      <trkpt lat="50.51613" lon="-114.78048">
        <ele>2420.44</ele>
      </trkpt>
      <trkpt lat="50.51611" lon="-114.78039">
        <ele>2425.13</ele>
      </trkpt>
      <trkpt lat="50.5161" lon="-114.7803">
        <ele>2428.8</ele>
      </trkpt>
      <trkpt lat="50.51608" lon="-114.78021">
        <ele>2432.74</ele>
      </trkpt>
      <trkpt lat="50.51607" lon="-114.78013">
        <ele>2436.56</ele>
      </trkpt>
      <trkpt lat="50.51604" lon="-114.78004">
        <ele>2440.45</ele>
      </trkpt>
      <trkpt lat="50.51605" lon="-114.77995">
        <ele>2443.32</ele>
      </trkpt>
      <trkpt lat="50.51605" lon="-114.77994">
        <ele>2443.44</ele>
      </trkpt>
      <trkpt lat="50.51605" lon="-114.77987">
        <ele>2444.34</ele>
      </trkpt>
      <trkpt lat="50.51605" lon="-114.77979">
        <ele>2445.36</ele>
      </trkpt>
      <trkpt lat="50.51603" lon="-114.7797">
        <ele>2446.84</ele>
      </trkpt>
      <trkpt lat="50.51601" lon="-114.77961">
        <ele>2449.23</ele>
      </trkpt>
      <trkpt lat="50.516" lon="-114.77952">
        <ele>2451.64</ele>
      </trkpt>
      <trkpt lat="50.51598" lon="-114.77944">
        <ele>2453.96</ele>
      </trkpt>
      <trkpt lat="50.51596" lon="-114.77935">
        <ele>2455.66</ele>
      </trkpt>
      <trkpt lat="50.51595" lon="-114.77926">
        <ele>2457.15</ele>
      </trkpt>
      <trkpt lat="50.51593" lon="-114.77917">
        <ele>2458.6</ele>
      </trkpt>
      <trkpt lat="50.51591" lon="-114.77908">
        <ele>2463.51</ele>
      </trkpt>
      <trkpt lat="50.51588" lon="-114.77899">
        <ele>2469.0</ele>
      </trkpt>
      <trkpt lat="50.51585" lon="-114.7789">
        <ele>2474.91</ele>
      </trkpt>
      <trkpt lat="50.51583" lon="-114.77882">
        <ele>2476.12</ele>
      </trkpt>
      <trkpt lat="50.51582" lon="-114.77873">
        <ele>2476.2</ele>
      </trkpt>
      <trkpt lat="50.5158" lon="-114.77864">
        <ele>2476.3</ele>
      </trkpt>
      <trkpt lat="50.5158" lon="-114.77856">
        <ele>2478.92</ele>
      </trkpt>
      <trkpt lat="50.5158" lon="-114.77847">
        <ele>2483.14</ele>
      </trkpt>
      <trkpt lat="50.5158" lon="-114.77839">
        <ele>2486.9</ele>
      </trkpt>
      <trkpt lat="50.5158" lon="-114.7783">
        <ele>2490.4</ele>
      </trkpt>
      <trkpt lat="50.51583" lon="-114.77823">
        <ele>2493.12</ele>
      </trkpt>
      <trkpt lat="50.51584" lon="-114.77815">
        <ele>2494.82</ele>
      </trkpt>
      <trkpt lat="50.51587" lon="-114.77807">
        <ele>2496.01</ele>
      </trkpt>
      <trkpt lat="50.51584" lon="-114.77798">
        <ele>2498.27</ele>
      </trkpt>
      <trkpt lat="50.51584" lon="-114.77789">
        <ele>2499.92</ele>
      </trkpt>
      <trkpt lat="50.51582" lon="-114.77781">
        <ele>2501.44</ele>
      </trkpt>
      <trkpt lat="50.51582" lon="-114.77772">
        <ele>2504.7</ele>
      </trkpt>
      <trkpt lat="50.51582" lon="-114.77764">
        <ele>2508.38</ele>
      </trkpt>
      <trkpt lat="50.51582" lon="-114.77755">
        <ele>2512.51</ele>
      </trkpt>
      <trkpt lat="50.51581" lon="-114.77747">
        <ele>2515.04</ele>
      </trkpt>
      <trkpt lat="50.51581" lon="-114.77739">
        <ele>2516.05</ele>
      </trkpt>
      <trkpt lat="50.51579" lon="-114.7773">
        <ele>2517.21</ele>
      </trkpt>
      <trkpt lat="50.51578" lon="-114.77721">
        <ele>2518.63</ele>
      </trkpt>
      <trkpt lat="50.51576" lon="-114.77712">
        <ele>2520.66</ele>
      </trkpt>
      <trkpt lat="50.51574" lon="-114.77703">
        <ele>2522.83</ele>
      </trkpt>
      <trkpt lat="50.51571" lon="-114.77694">
        <ele>2525.26</ele>
      </trkpt>
      <trkpt lat="50.51569" lon="-114.77686">
        <ele>2526.16</ele>
      </trkpt>
      <trkpt lat="50.51568" lon="-114.77677">
        <ele>2526.82</ele>
      </trkpt>
      <trkpt lat="50.51566" lon="-114.77668">
        <ele>2527.32</ele>
      </trkpt>
      <trkpt lat="50.51566" lon="-114.7766">
        <ele>2529.77</ele>
      </trkpt>
      <trkpt lat="50.51567" lon="-114.77651">
        <ele>2532.89</ele>
      </trkpt>
      <trkpt lat="50.51566" lon="-114.77643">
        <ele>2535.89</ele>
      </trkpt>
      <trkpt lat="50.51568" lon="-114.77635">
        <ele>2537.81</ele>
      </trkpt>
      <trkpt lat="50.51566" lon="-114.77626">
        <ele>2540.39</ele>
      </trkpt>
      <trkpt lat="50.51566" lon="-114.77618">
        <ele>2542.26</ele>
      </trkpt>
      <trkpt lat="50.51563" lon="-114.77609">
        <ele>2544.5</ele>
      </trkpt>
      <trkpt lat="50.51564" lon="-114.776">
        <ele>2545.69</ele>
      </trkpt>
      <trkpt lat="50.51563" lon="-114.77592">
        <ele>2546.95</ele>
      </trkpt>
      <trkpt lat="50.51564" lon="-114.77584">
        <ele>2547.99</ele>
      </trkpt>
      <trkpt lat="50.51564" lon="-114.77575">
        <ele>2549.38</ele>
      </trkpt>
      <trkpt lat="50.51565" lon="-114.77567">
        <ele>2550.53</ele>
      </trkpt>
      <trkpt lat="50.51565" lon="-114.77559">
        <ele>2551.78</ele>
      </trkpt>
      <trkpt lat="50.51566" lon="-114.77551">
        <ele>2553.23</ele>
      </trkpt>
      <trkpt lat="50.51565" lon="-114.77542">
        <ele>2555.25</ele>
      </trkpt>
      <trkpt lat="50.51565" lon="-114.77534">
        <ele>2556.98</ele>
      </trkpt>
      <trkpt lat="50.51565" lon="-114.77525">
        <ele>2558.85</ele>
      </trkpt>
      <trkpt lat="50.51566" lon="-114.77517">
        <ele>2560.28</ele>
      </trkpt>
      <trkpt lat="50.51566" lon="-114.77509">
        <ele>2561.8</ele>
      </trkpt>
      <trkpt lat="50.51565" lon="-114.775">
        <ele>2563.64</ele>
      </trkpt>
      <trkpt lat="50.51566" lon="-114.77492">
        <ele>2565.3</ele>
      </trkpt>
      <trkpt lat="50.51566" lon="-114.77484">
        <ele>2567.09</ele>
      </trkpt>
      <trkpt lat="50.51564" lon="-114.77475">
        <ele>2569.54</ele>
      </trkpt>
      <trkpt lat="50.51563" lon="-114.77466">
        <ele>2571.9</ele>
      </trkpt>
      <trkpt lat="50.51563" lon="-114.77458">
        <ele>2573.84</ele>
      </trkpt>
      <trkpt lat="50.51561" lon="-114.77449">
        <ele>2576.51</ele>
      </trkpt>
      <trkpt lat="50.51559" lon="-114.7744">
        <ele>2579.09</ele>
      </trkpt>
      <trkpt lat="50.51559" lon="-114.77432">
        <ele>2580.82</ele>
      </trkpt>
      <trkpt lat="50.51559" lon="-114.77423">
        <ele>2582.76</ele>
      </trkpt>
      <trkpt lat="50.51559" lon="-114.77415">
        <ele>2584.07</ele>
      </trkpt>
      <trkpt lat="50.51558" lon="-114.77406">
        <ele>2583.89</ele>
      </trkpt>
      <trkpt lat="50.51558" lon="-114.77398">
        <ele>2583.51</ele>
      </trkpt>
      <trkpt lat="50.51558" lon="-114.77389">
        <ele>2583.09</ele>
      </trkpt>
      <trkpt lat="50.51557" lon="-114.77381">
        <ele>2586.31</ele>
      </trkpt>
      <trkpt lat="50.51556" lon="-114.77372">
        <ele>2590.21</ele>
      </trkpt>
      <trkpt lat="50.51556" lon="-114.77364">
        <ele>2593.62</ele>
      </trkpt>
      <trkpt lat="50.51555" lon="-114.77355">
        <ele>2595.79</ele>
      </trkpt>
      <trkpt lat="50.51554" lon="-114.77347">
        <ele>2596.75</ele>
      </trkpt>
      <trkpt lat="50.51553" lon="-114.77338">
        <ele>2597.81</ele>
      </trkpt>
      <trkpt lat="50.51553" lon="-114.7733">
        <ele>2599.52</ele>
      </trkpt>
      <trkpt lat="50.51552" lon="-114.77321">
        <ele>2602.17</ele>
      </trkpt>
      <trkpt lat="50.51551" lon="-114.77313">
        <ele>2604.48</ele>
      </trkpt>
      <trkpt lat="50.51551" lon="-114.77304">
        <ele>2607.1</ele>
      </trkpt>
      <trkpt lat="50.51551" lon="-114.77296">
        <ele>2608.4</ele>
      </trkpt>
      <trkpt lat="50.5155" lon="-114.77287">
        <ele>2609.67</ele>
      </trkpt>
      <trkpt lat="50.51551" lon="-114.77279">
        <ele>2611.15</ele>
      </trkpt>
      <trkpt lat="50.51549" lon="-114.7727">
        <ele>2611.95</ele>
      </trkpt>
      <trkpt lat="50.51547" lon="-114.77261">
        <ele>2612.91</ele>
      </trkpt>
      <trkpt lat="50.51544" lon="-114.77252">
        <ele>2614.12</ele>
      </trkpt>
      <trkpt lat="50.51541" lon="-114.77245">
        <ele>2615.17</ele>
      </trkpt>
      <trkpt lat="50.51538" lon="-114.77236">
        <ele>2616.6</ele>
      </trkpt>
      <trkpt lat="50.51533" lon="-114.77231">
        <ele>2617.85</ele>
      </trkpt>
      <trkpt lat="50.51529" lon="-114.77225">
        <ele>2619.34</ele>
      </trkpt>
      <trkpt lat="50.51524" lon="-114.77221">
        <ele>2620.92</ele>
      </trkpt>
      <trkpt lat="50.51519" lon="-114.77216">
        <ele>2622.49</ele>
      </trkpt>
      <trkpt lat="50.51514" lon="-114.77212">
        <ele>2624.08</ele>
      </trkpt>
      <trkpt lat="50.51509" lon="-114.77208">
        <ele>2625.77</ele>
      </trkpt>
      <trkpt lat="50.51504" lon="-114.77205">
        <ele>2627.44</ele>
      </trkpt>
      <trkpt lat="50.51499" lon="-114.772">
        <ele>2629.38</ele>
      </trkpt>
      <trkpt lat="50.51494" lon="-114.77196">
        <ele>2630.86</ele>
      </trkpt>
      <trkpt lat="50.51489" lon="-114.77191">
        <ele>2631.98</ele>
      </trkpt>
      <trkpt lat="50.51485" lon="-114.77185">
        <ele>2632.7</ele>
      </trkpt>
      <trkpt lat="50.51481" lon="-114.7718">
        <ele>2633.42</ele>
      </trkpt>
      <trkpt lat="50.51477" lon="-114.77174">
        <ele>2634.14</ele>
      </trkpt>
      <trkpt lat="50.51473" lon="-114.77166">
        <ele>2634.86</ele>
      </trkpt>
      <trkpt lat="50.51469" lon="-114.7716">
        <ele>2634.88</ele>
      </trkpt>
      <trkpt lat="50.51465" lon="-114.77154">
        <ele>2634.74</ele>
      </trkpt>
      <trkpt lat="50.51461" lon="-114.77148">
        <ele>2634.6</ele>
      </trkpt>
      <trkpt lat="50.51457" lon="-114.77142">
        <ele>2634.45</ele>
      </trkpt>
      <trkpt lat="50.51452" lon="-114.77138">
        <ele>2634.34</ele>
      </trkpt>
      <trkpt lat="50.51447" lon="-114.77132">
        <ele>2635.08</ele>
      </trkpt>
      <trkpt lat="50.51443" lon="-114.77126">
        <ele>2636.93</ele>
      </trkpt>
      <trkpt lat="50.51439" lon="-114.7712">
        <ele>2639.96</ele>
      </trkpt>
      <trkpt lat="50.51435" lon="-114.77114">
        <ele>2643.37</ele>
      </trkpt>
      <trkpt lat="50.51431" lon="-114.77108">
        <ele>2647.09</ele>
      </trkpt>
      <trkpt lat="50.51427" lon="-114.77102">
        <ele>2651.01</ele>
      </trkpt>
      <trkpt lat="50.51422" lon="-114.77098">
        <ele>2655.1</ele>
      </trkpt>
      <trkpt lat="50.51418" lon="-114.77092">
        <ele>2659.37</ele>
      </trkpt>
      <trkpt lat="50.51413" lon="-114.77087">
        <ele>2662.82</ele>
      </trkpt>
      <trkpt lat="50.51408" lon="-114.77081">
        <ele>2666.04</ele>
      </trkpt>
      <trkpt lat="50.51404" lon="-114.77075">
        <ele>2668.25</ele>
      </trkpt>
      <trkpt lat="50.514" lon="-114.77069">
        <ele>2669.97</ele>
      </trkpt>
      <trkpt lat="50.51396" lon="-114.77063">
        <ele>2671.18</ele>
      </trkpt>
      <trkpt lat="50.51392" lon="-114.77057">
        <ele>2671.9</ele>
      </trkpt>
      <trkpt lat="50.51388" lon="-114.77052">
        <ele>2671.17</ele>
      </trkpt>
      <trkpt lat="50.51383" lon="-114.77047">
        <ele>2670.1</ele>
      </trkpt>
      <trkpt lat="50.5138" lon="-114.77038">
        <ele>2669.07</ele>
      </trkpt>
      <trkpt lat="50.51377" lon="-114.77031">
        <ele>2668.82</ele>
      </trkpt>
      <trkpt lat="50.51374" lon="-114.77022">
        <ele>2668.66</ele>
      </trkpt>
      <trkpt lat="50.5137" lon="-114.77014">
        <ele>2668.39</ele>
      </trkpt>
      <trkpt lat="50.51367" lon="-114.77007">
        <ele>2667.78</ele>
      </trkpt>
      <trkpt lat="50.51363" lon="-114.76999">
        <ele>2666.93</ele>
      </trkpt>
      <trkpt lat="50.5136" lon="-114.76992">
        <ele>2666.97</ele>
      </trkpt>
      <trkpt lat="50.51356" lon="-114.76984">
        <ele>2666.92</ele>
      </trkpt>
      <trkpt lat="50.51353" lon="-114.76975">
        <ele>2666.97</ele>
      </trkpt>
      <trkpt lat="50.51351" lon="-114.76966">
        <ele>2667.88</ele>
      </trkpt>
      <trkpt lat="50.51348" lon="-114.76957">
        <ele>2668.96</ele>
      </trkpt>
      <trkpt lat="50.51344" lon="-114.7695">
        <ele>2669.52</ele>
      </trkpt>
      <trkpt lat="50.51341" lon="-114.76942">
        <ele>2670.04</ele>
      </trkpt>
      <trkpt lat="50.51337" lon="-114.76935">
        <ele>2670.33</ele>
      </trkpt>
      <trkpt lat="50.51334" lon="-114.76927">
        <ele>2670.93</ele>
      </trkpt>
      <trkpt lat="50.5133" lon="-114.7692">
        <ele>2671.09</ele>
      </trkpt>
      <trkpt lat="50.51328" lon="-114.76911">
        <ele>2671.88</ele>
      </trkpt>
      <trkpt lat="50.51325" lon="-114.76902">
        <ele>2672.81</ele>
      </trkpt>
      <trkpt lat="50.51321" lon="-114.76894">
        <ele>2674.03</ele>
      </trkpt>
      <trkpt lat="50.51318" lon="-114.76887">
        <ele>2675.28</ele>
      </trkpt>
      <trkpt lat="50.51314" lon="-114.76879">
        <ele>2676.49</ele>
      </trkpt>
      <trkpt lat="50.5131" lon="-114.76873">
        <ele>2677.69</ele>
      </trkpt>
      <trkpt lat="50.51306" lon="-114.76867">
        <ele>2679.08</ele>
      </trkpt>
      <trkpt lat="50.51302" lon="-114.76861">
        <ele>2680.38</ele>
      </trkpt>
      <trkpt lat="50.51298" lon="-114.76855">
        <ele>2680.88</ele>
      </trkpt>
      <trkpt lat="50.51293" lon="-114.76851">
        <ele>2681.52</ele>
      </trkpt>
      <trkpt lat="50.51289" lon="-114.76845">
        <ele>2682.13</ele>
      </trkpt>
      <trkpt lat="50.51284" lon="-114.76841">
        <ele>2682.89</ele>
      </trkpt>
      <trkpt lat="50.51279" lon="-114.76836">
        <ele>2683.73</ele>
      </trkpt>
      <trkpt lat="50.51274" lon="-114.76832">
        <ele>2682.19</ele>
      </trkpt>
      <trkpt lat="50.51269" lon="-114.76829">
        <ele>2679.68</ele>
      </trkpt>
      <trkpt lat="50.51267" lon="-114.76822">
        <ele>2678.03</ele>
      </trkpt>
      <trkpt lat="50.51266" lon="-114.76813">
        <ele>2676.6</ele>
      </trkpt>
      <trkpt lat="50.51264" lon="-114.76805">
        <ele>2674.93</ele>
      </trkpt>
      <trkpt lat="50.51263" lon="-114.76796">
        <ele>2672.82</ele>
      </trkpt>
      <trkpt lat="50.5126" lon="-114.76787">
        <ele>2670.21</ele>
      </trkpt>
      <trkpt lat="50.51259" lon="-114.76778">
        <ele>2668.31</ele>
      </trkpt>
      <trkpt lat="50.51261" lon="-114.7677">
        <ele>2667.26</ele>
      </trkpt>
      <trkpt lat="50.51262" lon="-114.76762">
        <ele>2665.94</ele>
      </trkpt>
      <trkpt lat="50.51263" lon="-114.76754">
        <ele>2664.6</ele>
      </trkpt>
      <trkpt lat="50.51264" lon="-114.76746">
        <ele>2663.16</ele>
      </trkpt>
      <trkpt lat="50.51263" lon="-114.76737">
        <ele>2660.94</ele>
      </trkpt>
      <trkpt lat="50.51264" lon="-114.76729">
        <ele>2659.5</ele>
      </trkpt>
      <trkpt lat="50.51265" lon="-114.76721">
        <ele>2658.05</ele>
      </trkpt>
      <trkpt lat="50.51266" lon="-114.76713">
        <ele>2656.1</ele>
      </trkpt>
      <trkpt lat="50.51267" lon="-114.76704">
        <ele>2653.87</ele>
      </trkpt>
      <trkpt lat="50.51268" lon="-114.76696">
        <ele>2651.93</ele>
      </trkpt>
      <trkpt lat="50.51269" lon="-114.76688">
        <ele>2649.74</ele>
      </trkpt>
      <trkpt lat="50.51269" lon="-114.7668">
        <ele>2647.13</ele>
      </trkpt>
      <trkpt lat="50.5127" lon="-114.76671">
        <ele>2644.47</ele>
      </trkpt>
      <trkpt lat="50.51271" lon="-114.76663">
        <ele>2642.66</ele>
      </trkpt>
      <trkpt lat="50.51272" lon="-114.76655">
        <ele>2641.46</ele>
      </trkpt>
      <trkpt lat="50.51273" lon="-114.76647">
        <ele>2640.16</ele>
      </trkpt>
      <trkpt lat="50.51275" lon="-114.76639">
        <ele>2638.82</ele>
      </trkpt>
      <trkpt lat="50.51276" lon="-114.76631">
        <ele>2636.4</ele>
      </trkpt>
      <trkpt lat="50.51277" lon="-114.76623">
        <ele>2634.19</ele>
      </trkpt>
      <trkpt lat="50.51278" lon="-114.76614">
        <ele>2631.87</ele>
      </trkpt>
      <trkpt lat="50.51279" lon="-114.76606">
        <ele>2629.92</ele>
      </trkpt>
      <trkpt lat="50.5128" lon="-114.76598">
        <ele>2628.02</ele>
      </trkpt>
      <trkpt lat="50.5128" lon="-114.7659">
        <ele>2625.96</ele>
      </trkpt>
      <trkpt lat="50.51281" lon="-114.76582">
        <ele>2624.03</ele>
      </trkpt>
      <trkpt lat="50.51282" lon="-114.76574">
        <ele>2622.26</ele>
      </trkpt>
      <trkpt lat="50.51282" lon="-114.76565">
        <ele>2620.14</ele>
      </trkpt>
      <trkpt lat="50.51282" lon="-114.76557">
        <ele>2618.25</ele>
      </trkpt>
      <trkpt lat="50.51283" lon="-114.76548">
        <ele>2617.8</ele>
      </trkpt>
      <trkpt lat="50.51282" lon="-114.7654">
        <ele>2617.27</ele>
      </trkpt>
      <trkpt lat="50.51282" lon="-114.76532">
        <ele>2616.94</ele>
      </trkpt>
      <trkpt lat="50.51283" lon="-114.76523">
        <ele>2617.05</ele>
      </trkpt>
      <trkpt lat="50.51283" lon="-114.76515">
        <ele>2617.23</ele>
      </trkpt>
      <trkpt lat="50.51283" lon="-114.76511">
        <ele>2617.32</ele>
      </trkpt>
      <trkpt lat="50.51283" lon="-114.76507">
        <ele>2617.41</ele>
      </trkpt>
      <trkpt lat="50.51282" lon="-114.76498">
        <ele>2617.37</ele>
      </trkpt>
      <trkpt lat="50.51283" lon="-114.7649">
        <ele>2617.14</ele>
      </trkpt>
      <trkpt lat="50.51283" lon="-114.76481">
        <ele>2616.75</ele>
      </trkpt>
      <trkpt lat="50.51284" lon="-114.76473">
        <ele>2616.48</ele>
      </trkpt>
      <trkpt lat="50.51285" lon="-114.76465">
        <ele>2616.07</ele>
      </trkpt>
      <trkpt lat="50.51286" lon="-114.76457">
        <ele>2615.66</ele>
      </trkpt>
      <trkpt lat="50.51287" lon="-114.76449">
        <ele>2615.27</ele>
      </trkpt>
      <trkpt lat="50.51289" lon="-114.76441">
        <ele>2615.66</ele>
      </trkpt>
      <trkpt lat="50.5129" lon="-114.76433">
        <ele>2616.79</ele>
      </trkpt>
      <trkpt lat="50.51291" lon="-114.76424">
        <ele>2618.02</ele>
      </trkpt>
      <trkpt lat="50.51293" lon="-114.76417">
        <ele>2619.05</ele>
      </trkpt>
      <trkpt lat="50.51294" lon="-114.76408">
        <ele>2620.55</ele>
      </trkpt>
      <trkpt lat="50.51295" lon="-114.764">
        <ele>2621.87</ele>
      </trkpt>
      <trkpt lat="50.51296" lon="-114.76392">
        <ele>2623.17</ele>
      </trkpt>
      <trkpt lat="50.51297" lon="-114.76384">
        <ele>2624.45</ele>
      </trkpt>
      <trkpt lat="50.51294" lon="-114.76375">
        <ele>2625.79</ele>
      </trkpt>
      <trkpt lat="50.51293" lon="-114.76366">
        <ele>2627.22</ele>
      </trkpt>
      <trkpt lat="50.5129" lon="-114.76357">
        <ele>2628.41</ele>
      </trkpt>
      <trkpt lat="50.51287" lon="-114.76348">
        <ele>2629.1</ele>
      </trkpt>
      <trkpt lat="50.51285" lon="-114.76339">
        <ele>2629.62</ele>
      </trkpt>
      <trkpt lat="50.51283" lon="-114.7633">
        <ele>2630.48</ele>
      </trkpt>
      <trkpt lat="50.51284" lon="-114.76322">
        <ele>2632.3</ele>
      </trkpt>
      <trkpt lat="50.51284" lon="-114.76314">
        <ele>2633.99</ele>
      </trkpt>
      <trkpt lat="50.51285" lon="-114.76306">
        <ele>2635.65</ele>
      </trkpt>
      <trkpt lat="50.51287" lon="-114.76298">
        <ele>2635.85</ele>
      </trkpt>
      <trkpt lat="50.51286" lon="-114.76289">
        <ele>2636.12</ele>
      </trkpt>
      <trkpt lat="50.51283" lon="-114.7628">
        <ele>2636.56</ele>
      </trkpt>
      <trkpt lat="50.51281" lon="-114.76271">
        <ele>2637.17</ele>
      </trkpt>
      <trkpt lat="50.51278" lon="-114.76262">
        <ele>2638.11</ele>
      </trkpt>
      <trkpt lat="50.51274" lon="-114.76255">
        <ele>2638.68</ele>
      </trkpt>
      <trkpt lat="50.51271" lon="-114.76247">
        <ele>2639.62</ele>
      </trkpt>
      <trkpt lat="50.51267" lon="-114.76241">
        <ele>2640.43</ele>
      </trkpt>
      <trkpt lat="50.51263" lon="-114.76234">
        <ele>2641.22</ele>
      </trkpt>
      <trkpt lat="50.51262" lon="-114.76225">
        <ele>2642.15</ele>
      </trkpt>
      <trkpt lat="50.51262" lon="-114.76217">
        <ele>2643.4</ele>
      </trkpt>
      <trkpt lat="50.51262" lon="-114.76208">
        <ele>2645.06</ele>
      </trkpt>
      <trkpt lat="50.51263" lon="-114.762">
        <ele>2646.52</ele>
      </trkpt>
      <trkpt lat="50.51263" lon="-114.76192">
        <ele>2647.6</ele>
      </trkpt>
      <trkpt lat="50.51263" lon="-114.76184">
        <ele>2647.84</ele>
      </trkpt>
      <trkpt lat="50.51261" lon="-114.76175">
        <ele>2647.87</ele>
      </trkpt>
      <trkpt lat="50.51261" lon="-114.76166">
        <ele>2648.17</ele>
      </trkpt>
      <trkpt lat="50.51259" lon="-114.76157">
        <ele>2650.67</ele>
      </trkpt>
      <trkpt lat="50.51258" lon="-114.76149">
        <ele>2653.24</ele>
      </trkpt>
      <trkpt lat="50.51256" lon="-114.7614">
        <ele>2656.53</ele>
      </trkpt>
      <trkpt lat="50.51256" lon="-114.76131">
        <ele>2657.43</ele>
      </trkpt>
      <trkpt lat="50.51254" lon="-114.76123">
        <ele>2658.34</ele>
      </trkpt>
      <trkpt lat="50.51253" lon="-114.76114">
        <ele>2659.16</ele>
      </trkpt>
      <trkpt lat="50.51252" lon="-114.76106">
        <ele>2658.54</ele>
      </trkpt>
      <trkpt lat="50.51252" lon="-114.76097">
        <ele>2656.74</ele>
      </trkpt>
      <trkpt lat="50.51251" lon="-114.76088">
        <ele>2654.97</ele>
      </trkpt>
      <trkpt lat="50.51249" lon="-114.7608">
        <ele>2654.87</ele>
      </trkpt>
      <trkpt lat="50.51249" lon="-114.76071">
        <ele>2657.42</ele>
      </trkpt>
      <trkpt lat="50.51247" lon="-114.76062">
        <ele>2659.6</ele>
      </trkpt>
      <trkpt lat="50.51246" lon="-114.76054">
        <ele>2661.26</ele>
      </trkpt>
      <trkpt lat="50.51244" lon="-114.76045">
        <ele>2661.63</ele>
      </trkpt>
      <trkpt lat="50.51244" lon="-114.76037">
        <ele>2662.33</ele>
      </trkpt>
      <trkpt lat="50.51242" lon="-114.76028">
        <ele>2662.83</ele>
      </trkpt>
      <trkpt lat="50.51241" lon="-114.76019">
        <ele>2663.33</ele>
      </trkpt>
      <trkpt lat="50.51239" lon="-114.7601">
        <ele>2663.82</ele>
      </trkpt>
      <trkpt lat="50.51238" lon="-114.76002">
        <ele>2664.4</ele>
      </trkpt>
      <trkpt lat="50.51235" lon="-114.75993">
        <ele>2665.84</ele>
      </trkpt>
      <trkpt lat="50.51233" lon="-114.75984">
        <ele>2667.49</ele>
      </trkpt>
      <trkpt lat="50.51232" lon="-114.75975">
        <ele>2669.17</ele>
      </trkpt>
      <trkpt lat="50.5123" lon="-114.75966">
        <ele>2671.33</ele>
      </trkpt>
      <trkpt lat="50.51229" lon="-114.75958">
        <ele>2673.6</ele>
      </trkpt>
      <trkpt lat="50.51227" lon="-114.75949">
        <ele>2676.29</ele>
      </trkpt>
      <trkpt lat="50.51225" lon="-114.7594">
        <ele>2679.34</ele>
      </trkpt>
      <trkpt lat="50.51224" lon="-114.75932">
        <ele>2682.24</ele>
      </trkpt>
      <trkpt lat="50.51222" lon="-114.75923">
        <ele>2685.74</ele>
      </trkpt>
      <trkpt lat="50.51222" lon="-114.75914">
        <ele>2688.99</ele>
      </trkpt>
      <trkpt lat="50.51222" lon="-114.75906">
        <ele>2691.88</ele>
      </trkpt>
      <trkpt lat="50.5122" lon="-114.75897">
        <ele>2695.46</ele>
      </trkpt>
      <trkpt lat="50.51219" lon="-114.75888">
        <ele>2698.93</ele>
      </trkpt>
      <trkpt lat="50.51218" lon="-114.7588">
        <ele>2702.28</ele>
      </trkpt>
      <trkpt lat="50.51217" lon="-114.75871">
        <ele>2706.02</ele>
      </trkpt>
      <trkpt lat="50.51215" lon="-114.75863">
        <ele>2709.55</ele>
      </trkpt>
      <trkpt lat="50.51214" lon="-114.75854">
        <ele>2713.37</ele>
      </trkpt>
      <trkpt lat="50.51213" lon="-114.75845">
        <ele>2717.23</ele>
      </trkpt>
      <trkpt lat="50.51212" lon="-114.75837">
        <ele>2720.71</ele>
      </trkpt>
      <trkpt lat="50.5121" lon="-114.75828">
        <ele>2724.44</ele>
      </trkpt>
      <trkpt lat="50.51209" lon="-114.75819">
        <ele>2727.57</ele>
      </trkpt>
      <trkpt lat="50.51209" lon="-114.75811">
        <ele>2730.21</ele>
      </trkpt>
      <trkpt lat="50.51207" lon="-114.75802">
        <ele>2733.01</ele>
      </trkpt>
      <trkpt lat="50.51205" lon="-114.75793">
        <ele>2735.51</ele>
      </trkpt>
      <trkpt lat="50.51204" lon="-114.75785">
        <ele>2737.69</ele>
      </trkpt>
      <trkpt lat="50.51202" lon="-114.75776">
        <ele>2740.0</ele>
      </trkpt>
      <trkpt lat="50.512" lon="-114.75767">
        <ele>2742.04</ele>
      </trkpt>
      <trkpt lat="50.51197" lon="-114.75758">
        <ele>2743.72</ele>
      </trkpt>
      <trkpt lat="50.51194" lon="-114.75749">
        <ele>2745.33</ele>
      </trkpt>
      <trkpt lat="50.51193" lon="-114.7574">
        <ele>2748.65</ele>
      </trkpt>
      <trkpt lat="50.51195" lon="-114.75732">
        <ele>2752.9</ele>
      </trkpt>
      <trkpt lat="50.51196" lon="-114.75724">
        <ele>2756.57</ele>
      </trkpt>
      <trkpt lat="50.51198" lon="-114.75716">
        <ele>2759.22</ele>
      </trkpt>
      <trkpt lat="50.512" lon="-114.75708">
        <ele>2761.37</ele>
      </trkpt>
      <trkpt lat="50.51202" lon="-114.757">
        <ele>2763.36</ele>
      </trkpt>
      <trkpt lat="50.51204" lon="-114.75692">
        <ele>2765.16</ele>
      </trkpt>
      <trkpt lat="50.51207" lon="-114.75684">
        <ele>2767.09</ele>
      </trkpt>
      <trkpt lat="50.51209" lon="-114.75677">
        <ele>2768.88</ele>
      </trkpt>
      <trkpt lat="50.5121" lon="-114.75668">
        <ele>2771.06</ele>
      </trkpt>
      <trkpt lat="50.51211" lon="-114.7566">
        <ele>2772.63</ele>
      </trkpt>
      <trkpt lat="50.51213" lon="-114.75652">
        <ele>2774.3</ele>
      </trkpt>
      <trkpt lat="50.51215" lon="-114.75644">
        <ele>2775.92</ele>
      </trkpt>
      <trkpt lat="50.51217" lon="-114.75636">
        <ele>2776.99</ele>
      </trkpt>
      <trkpt lat="50.51221" lon="-114.75629">
        <ele>2778.27</ele>
      </trkpt>
      <trkpt lat="50.51224" lon="-114.75621">
        <ele>2779.89</ele>
      </trkpt>
      <trkpt lat="50.51228" lon="-114.75614">
        <ele>2782.28</ele>
      </trkpt>
      <trkpt lat="50.51231" lon="-114.75606">
        <ele>2785.48</ele>
      </trkpt>
      <trkpt lat="50.51233" lon="-114.75598">
        <ele>2788.3</ele>
      </trkpt>
      <trkpt lat="50.51237" lon="-114.7559">
        <ele>2791.28</ele>
      </trkpt>
      <trkpt lat="50.51237" lon="-114.75582">
        <ele>2792.64</ele>
      </trkpt>
      <trkpt lat="50.51237" lon="-114.75574">
        <ele>2792.52</ele>
      </trkpt>
      <trkpt lat="50.51237" lon="-114.75565">
        <ele>2792.39</ele>
      </trkpt>
      <trkpt lat="50.51241" lon="-114.75558">
        <ele>2793.41</ele>
      </trkpt>
      <trkpt lat="50.51243" lon="-114.7555">
        <ele>2794.03</ele>
      </trkpt>
      <trkpt lat="50.51246" lon="-114.75542">
        <ele>2794.92</ele>
      </trkpt>
      <trkpt lat="50.51248" lon="-114.75534">
        <ele>2795.48</ele>
      </trkpt>
      <trkpt lat="50.51251" lon="-114.75526">
        <ele>2796.37</ele>
      </trkpt>
      <trkpt lat="50.51253" lon="-114.75518">
        <ele>2797.56</ele>
      </trkpt>
      <trkpt lat="50.51254" lon="-114.7551">
        <ele>2798.55</ele>
      </trkpt>
      <trkpt lat="50.51255" lon="-114.75502">
        <ele>2799.52</ele>
      </trkpt>
      <trkpt lat="50.51257" lon="-114.75494">
        <ele>2799.95</ele>
      </trkpt>
      <trkpt lat="50.51259" lon="-114.75486">
        <ele>2799.98</ele>
      </trkpt>
      <trkpt lat="50.51261" lon="-114.75478">
        <ele>2799.81</ele>
      </trkpt>
      <trkpt lat="50.51265" lon="-114.75471">
        <ele>2799.52</ele>
      </trkpt>
      <trkpt lat="50.51268" lon="-114.75463">
        <ele>2800.08</ele>
      </trkpt>
      <trkpt lat="50.51272" lon="-114.75457">
        <ele>2801.04</ele>
      </trkpt>
      <trkpt lat="50.51276" lon="-114.75451">
        <ele>2802.49</ele>
      </trkpt>
      <trkpt lat="50.5128" lon="-114.75446">
        <ele>2803.08</ele>
      </trkpt>
      <trkpt lat="50.51284" lon="-114.7544">
        <ele>2802.25</ele>
      </trkpt>
      <trkpt lat="50.51288" lon="-114.75434">
        <ele>2801.69</ele>
      </trkpt>
      <trkpt lat="50.51292" lon="-114.75428">
        <ele>2801.75</ele>
      </trkpt>
      <trkpt lat="50.51296" lon="-114.75422">
        <ele>2802.44</ele>
      </trkpt>
      <trkpt lat="50.513" lon="-114.75417">
        <ele>2803.53</ele>
      </trkpt>
      <trkpt lat="50.51304" lon="-114.75411">
        <ele>2803.66</ele>
      </trkpt>
      <trkpt lat="50.51308" lon="-114.75405">
        <ele>2802.77</ele>
      </trkpt>
      <trkpt lat="50.51311" lon="-114.75397">
        <ele>2801.99</ele>
      </trkpt>
      <trkpt lat="50.51313" lon="-114.75389">
        <ele>2801.92</ele>
      </trkpt>
      <trkpt lat="50.51315" lon="-114.75381">
        <ele>2801.09</ele>
      </trkpt>
      <trkpt lat="50.51317" lon="-114.75373">
        <ele>2800.61</ele>
      </trkpt>
      <trkpt lat="50.51318" lon="-114.75365">
        <ele>2800.38</ele>
      </trkpt>
      <trkpt lat="50.5132" lon="-114.75357">
        <ele>2800.06</ele>
      </trkpt>
      <trkpt lat="50.51323" lon="-114.75349">
        <ele>2799.22</ele>
      </trkpt>
      <trkpt lat="50.51325" lon="-114.75341">
        <ele>2797.95</ele>
      </trkpt>
      <trkpt lat="50.51327" lon="-114.75333">
        <ele>2796.44</ele>
      </trkpt>
      <trkpt lat="50.5133" lon="-114.75326">
        <ele>2796.05</ele>
      </trkpt>
      <trkpt lat="50.51333" lon="-114.75318">
        <ele>2795.98</ele>
      </trkpt>
      <trkpt lat="50.51335" lon="-114.7531">
        <ele>2795.52</ele>
      </trkpt>
      <trkpt lat="50.51337" lon="-114.75302">
        <ele>2794.39</ele>
      </trkpt>
      <trkpt lat="50.51339" lon="-114.75294">
        <ele>2792.5</ele>
      </trkpt>
      <trkpt lat="50.51341" lon="-114.75286">
        <ele>2790.82</ele>
      </trkpt>
      <trkpt lat="50.51345" lon="-114.75279">
        <ele>2789.33</ele>
      </trkpt>
      <trkpt lat="50.51348" lon="-114.75271">
        <ele>2788.46</ele>
      </trkpt>
      <trkpt lat="50.51352" lon="-114.75265">
        <ele>2787.74</ele>
      </trkpt>
      <trkpt lat="50.51356" lon="-114.75259">
        <ele>2787.02</ele>
      </trkpt>
      <trkpt lat="50.5136" lon="-114.75254">
        <ele>2786.37</ele>
      </trkpt>
      <trkpt lat="50.51364" lon="-114.75248">
        <ele>2785.82</ele>
      </trkpt>
      <trkpt lat="50.51369" lon="-114.75244">
        <ele>2785.64</ele>
      </trkpt>
      <trkpt lat="50.51373" lon="-114.75238">
        <ele>2785.37</ele>
      </trkpt>
      <trkpt lat="50.51377" lon="-114.75232">
        <ele>2785.48</ele>
      </trkpt>
      <trkpt lat="50.51382" lon="-114.75228">
        <ele>2786.33</ele>
      </trkpt>
      <trkpt lat="50.51386" lon="-114.75224">
        <ele>2787.21</ele>
      </trkpt>
      <trkpt lat="50.5139" lon="-114.75218">
        <ele>2785.75</ele>
      </trkpt>
      <trkpt lat="50.51395" lon="-114.75214">
        <ele>2784.06</ele>
      </trkpt>
      <trkpt lat="50.51399" lon="-114.75209">
        <ele>2782.4</ele>
      </trkpt>
      <trkpt lat="50.51404" lon="-114.75208">
        <ele>2782.84</ele>
      </trkpt>
      <trkpt lat="50.51411" lon="-114.75209">
        <ele>2784.23</ele>
      </trkpt>
      <trkpt lat="50.51417" lon="-114.75211">
        <ele>2785.32</ele>
      </trkpt>
      <trkpt lat="50.51423" lon="-114.75212">
        <ele>2784.27</ele>
      </trkpt>
      <trkpt lat="50.51429" lon="-114.75212">
        <ele>2783.07</ele>
      </trkpt>
      <trkpt lat="50.51435" lon="-114.75211">
        <ele>2781.83</ele>
      </trkpt>
      <trkpt lat="50.5144" lon="-114.75211">
        <ele>2780.86</ele>
      </trkpt>
      <trkpt lat="50.51445" lon="-114.75209">
        <ele>2779.9</ele>
      </trkpt>
      <trkpt lat="50.51451" lon="-114.75206">
        <ele>2778.82</ele>
      </trkpt>
      <trkpt lat="50.51456" lon="-114.75205">
        <ele>2777.92</ele>
      </trkpt>
      <trkpt lat="50.51461" lon="-114.75206">
        <ele>2777.02</ele>
      </trkpt>
      <trkpt lat="50.51465" lon="-114.75211">
        <ele>2776.3</ele>
      </trkpt>
      <trkpt lat="50.5147" lon="-114.75216">
        <ele>2775.4</ele>
      </trkpt>
      <trkpt lat="50.51473" lon="-114.75223">
        <ele>2774.58</ele>
      </trkpt>
      <trkpt lat="50.51474" lon="-114.75232">
        <ele>2772.62</ele>
      </trkpt>
      <trkpt lat="50.51473" lon="-114.7524">
        <ele>2771.54</ele>
      </trkpt>
      <trkpt lat="50.51469" lon="-114.75247">
        <ele>2771.43</ele>
      </trkpt>
      <trkpt lat="50.51466" lon="-114.75255">
        <ele>2770.19</ele>
      </trkpt>
      <trkpt lat="50.51462" lon="-114.75263">
        <ele>2768.51</ele>
      </trkpt>
      <trkpt lat="50.51459" lon="-114.7527">
        <ele>2766.68</ele>
      </trkpt>
      <trkpt lat="50.51455" lon="-114.75278">
        <ele>2764.4</ele>
      </trkpt>
      <trkpt lat="50.51452" lon="-114.75286">
        <ele>2761.57</ele>
      </trkpt>
      <trkpt lat="50.51448" lon="-114.75293">
        <ele>2758.52</ele>
      </trkpt>
      <trkpt lat="50.51446" lon="-114.75301">
        <ele>2754.54</ele>
      </trkpt>
      <trkpt lat="50.51444" lon="-114.75309">
        <ele>2751.43</ele>
      </trkpt>
      <trkpt lat="50.51443" lon="-114.75317">
        <ele>2749.98</ele>
      </trkpt>
      <trkpt lat="50.51441" lon="-114.75325">
        <ele>2748.59</ele>
      </trkpt>
      <trkpt lat="50.51437" lon="-114.7533">
        <ele>2748.05</ele>
      </trkpt>
      <trkpt lat="50.51431" lon="-114.75331">
        <ele>2748.77</ele>
      </trkpt>
      <trkpt lat="50.51427" lon="-114.75335">
        <ele>2747.64</ele>
      </trkpt>
      <trkpt lat="50.51421" lon="-114.75338">
        <ele>2747.09</ele>
      </trkpt>
      <trkpt lat="50.51417" lon="-114.75342">
        <ele>2745.88</ele>
      </trkpt>
      <trkpt lat="50.51413" lon="-114.75347">
        <ele>2745.25</ele>
      </trkpt>
      <trkpt lat="50.51409" lon="-114.75353">
        <ele>2744.3</ele>
      </trkpt>
      <trkpt lat="50.51405" lon="-114.75359">
        <ele>2743.42</ele>
      </trkpt>
      <trkpt lat="50.51401" lon="-114.75367">
        <ele>2743.07</ele>
      </trkpt>
      <trkpt lat="50.51398" lon="-114.75374">
        <ele>2742.63</ele>
      </trkpt>
      <trkpt lat="50.51396" lon="-114.75382">
        <ele>2741.25</ele>
      </trkpt>
      <trkpt lat="50.51397" lon="-114.75391">
        <ele>2738.69</ele>
      </trkpt>
      <trkpt lat="50.51398" lon="-114.75399">
        <ele>2736.15</ele>
      </trkpt>
      <trkpt lat="50.51398" lon="-114.75407">
        <ele>2733.87</ele>
      </trkpt>
      <trkpt lat="50.51398" lon="-114.75408">
        <ele>2733.58</ele>
      </trkpt>
      <trkpt lat="50.51398" lon="-114.75416">
        <ele>2731.3</ele>
      </trkpt>
      <trkpt lat="50.51397" lon="-114.75424">
        <ele>2729.79</ele>
      </trkpt>
      <trkpt lat="50.51397" lon="-114.75433">
        <ele>2727.24</ele>
      </trkpt>
      <trkpt lat="50.51398" lon="-114.75441">
        <ele>2724.12</ele>
      </trkpt>
      <trkpt lat="50.51398" lon="-114.7545">
        <ele>2720.53</ele>
      </trkpt>
      <trkpt lat="50.51398" lon="-114.75458">
        <ele>2716.79</ele>
      </trkpt>
      <trkpt lat="50.514" lon="-114.75467">
        <ele>2710.68</ele>
      </trkpt>
      <trkpt lat="50.514" lon="-114.75475">
        <ele>2706.84</ele>
      </trkpt>
      <trkpt lat="50.51401" lon="-114.75484">
        <ele>2701.48</ele>
      </trkpt>
      <trkpt lat="50.51401" lon="-114.75492">
        <ele>2697.57</ele>
      </trkpt>
      <trkpt lat="50.51401" lon="-114.75501">
        <ele>2692.58</ele>
      </trkpt>
      <trkpt lat="50.51401" lon="-114.75509">
        <ele>2683.93</ele>
      </trkpt>
      <trkpt lat="50.51402" lon="-114.75518">
        <ele>2673.09</ele>
      </trkpt>
      <trkpt lat="50.51402" lon="-114.75526">
        <ele>2664.36</ele>
      </trkpt>
      <trkpt lat="50.51402" lon="-114.75535">
        <ele>2659.27</ele>
      </trkpt>
      <trkpt lat="50.51401" lon="-114.75543">
        <ele>2656.9</ele>
      </trkpt>
      <trkpt lat="50.514" lon="-114.75551">
        <ele>2654.43</ele>
      </trkpt>
      <trkpt lat="50.51399" lon="-114.75559">
        <ele>2652.47</ele>
      </trkpt>
      <trkpt lat="50.51398" lon="-114.75567">
        <ele>2651.18</ele>
      </trkpt>
      <trkpt lat="50.51398" lon="-114.75576">
        <ele>2648.58</ele>
      </trkpt>
      <trkpt lat="50.51398" lon="-114.75584">
        <ele>2646.4</ele>
      </trkpt>
      <trkpt lat="50.51397" lon="-114.75592">
        <ele>2646.79</ele>
      </trkpt>
      <trkpt lat="50.514" lon="-114.75601">
        <ele>2642.0</ele>
      </trkpt>
      <trkpt lat="50.514" lon="-114.7561">
        <ele>2640.58</ele>
      </trkpt>
      <trkpt lat="50.51402" lon="-114.75619">
        <ele>2635.11</ele>
      </trkpt>
      <trkpt lat="50.51402" lon="-114.75627">
        <ele>2633.33</ele>
      </trkpt>
      <trkpt lat="50.51401" lon="-114.75635">
        <ele>2632.53</ele>
      </trkpt>
      <trkpt lat="50.514" lon="-114.75643">
        <ele>2631.84</ele>
      </trkpt>
      <trkpt lat="50.514" lon="-114.75652">
        <ele>2630.61</ele>
      </trkpt>
      <trkpt lat="50.51399" lon="-114.7566">
        <ele>2630.29</ele>
      </trkpt>
      <trkpt lat="50.514" lon="-114.75668">
        <ele>2628.23</ele>
      </trkpt>
      <trkpt lat="50.51401" lon="-114.75677">
        <ele>2624.85</ele>
      </trkpt>
      <trkpt lat="50.51401" lon="-114.75685">
        <ele>2622.53</ele>
      </trkpt>
      <trkpt lat="50.51402" lon="-114.75694">
        <ele>2618.92</ele>
      </trkpt>
      <trkpt lat="50.51402" lon="-114.75702">
        <ele>2618.41</ele>
      </trkpt>
      <trkpt lat="50.51402" lon="-114.75711">
        <ele>2617.97</ele>
      </trkpt>
      <trkpt lat="50.51402" lon="-114.75719">
        <ele>2617.58</ele>
      </trkpt>
      <trkpt lat="50.51404" lon="-114.75728">
        <ele>2614.18</ele>
      </trkpt>
      <trkpt lat="50.51406" lon="-114.75737">
        <ele>2610.3</ele>
      </trkpt>
      <trkpt lat="50.51408" lon="-114.75746">
        <ele>2606.23</ele>
      </trkpt>
      <trkpt lat="50.51411" lon="-114.75755">
        <ele>2595.85</ele>
      </trkpt>
      <trkpt lat="50.51414" lon="-114.75764">
        <ele>2579.38</ele>
      </trkpt>
      <trkpt lat="50.51417" lon="-114.75773">
        <ele>2560.77</ele>
      </trkpt>
      <trkpt lat="50.5142" lon="-114.75782">
        <ele>2554.43</ele>
      </trkpt>
      <trkpt lat="50.51422" lon="-114.75791">
        <ele>2555.39</ele>
      </trkpt>
      <trkpt lat="50.51425" lon="-114.758">
        <ele>2555.1</ele>
      </trkpt>
      <trkpt lat="50.51426" lon="-114.75808">
        <ele>2555.01</ele>
      </trkpt>
      <trkpt lat="50.51425" lon="-114.75816">
        <ele>2555.9</ele>
      </trkpt>
      <trkpt lat="50.51423" lon="-114.75824">
        <ele>2557.62</ele>
      </trkpt>
      <trkpt lat="50.51425" lon="-114.75833">
        <ele>2556.39</ele>
      </trkpt>
      <trkpt lat="50.51425" lon="-114.75842">
        <ele>2549.97</ele>
      </trkpt>
      <trkpt lat="50.51427" lon="-114.75851">
        <ele>2541.62</ele>
      </trkpt>
      <trkpt lat="50.51429" lon="-114.75859">
        <ele>2533.93</ele>
      </trkpt>
      <trkpt lat="50.5143" lon="-114.75868">
        <ele>2532.2</ele>
      </trkpt>
      <trkpt lat="50.51432" lon="-114.75877">
        <ele>2531.59</ele>
      </trkpt>
      <trkpt lat="50.51434" lon="-114.75886">
        <ele>2531.16</ele>
      </trkpt>
      <trkpt lat="50.51438" lon="-114.75893">
        <ele>2529.72</ele>
      </trkpt>
      <trkpt lat="50.5144" lon="-114.759">
        <ele>2530.58</ele>
      </trkpt>
      <trkpt lat="50.51442" lon="-114.75908">
        <ele>2532.36</ele>
      </trkpt>
      <trkpt lat="50.51445" lon="-114.75913">
        <ele>2532.67</ele>
      </trkpt>
      <trkpt lat="50.51447" lon="-114.75919">
        <ele>2531.11</ele>
      </trkpt>
      <trkpt lat="50.51448" lon="-114.75926">
        <ele>2530.11</ele>
      </trkpt>
      <trkpt lat="50.5145" lon="-114.75933">
        <ele>2527.06</ele>
      </trkpt>
      <trkpt lat="50.51452" lon="-114.7594">
        <ele>2523.61</ele>
      </trkpt>
      <trkpt lat="50.51454" lon="-114.75949">
        <ele>2513.46</ele>
      </trkpt>
      <trkpt lat="50.51457" lon="-114.75958">
        <ele>2497.14</ele>
      </trkpt>
      <trkpt lat="50.5146" lon="-114.75965">
        <ele>2485.74</ele>
      </trkpt>
      <trkpt lat="50.51463" lon="-114.75974">
        <ele>2474.84</ele>
      </trkpt>
      <trkpt lat="50.51468" lon="-114.75979">
        <ele>2466.76</ele>
      </trkpt>
      <trkpt lat="50.51472" lon="-114.75985">
        <ele>2456.96</ele>
      </trkpt>
      <trkpt lat="50.51477" lon="-114.75989">
        <ele>2443.89</ele>
      </trkpt>
      <trkpt lat="50.51481" lon="-114.75995">
        <ele>2431.34</ele>
      </trkpt>
      <trkpt lat="50.51486" lon="-114.75999">
        <ele>2419.98</ele>
      </trkpt>
      <trkpt lat="50.5149" lon="-114.76005">
        <ele>2410.61</ele>
      </trkpt>
      <trkpt lat="50.51495" lon="-114.7601">
        <ele>2401.25</ele>
      </trkpt>
      <trkpt lat="50.51499" lon="-114.76016">
        <ele>2393.52</ele>
      </trkpt>
      <trkpt lat="50.51504" lon="-114.76021">
        <ele>2387.59</ele>
      </trkpt>
      <trkpt lat="50.51507" lon="-114.76029">
        <ele>2382.39</ele>
      </trkpt>
      <trkpt lat="50.51511" lon="-114.76035">
        <ele>2377.91</ele>
      </trkpt>
      <trkpt lat="50.51515" lon="-114.76043">
        <ele>2373.16</ele>
      </trkpt>
      <trkpt lat="50.51518" lon="-114.7605">
        <ele>2369.55</ele>
      </trkpt>
      <trkpt lat="50.51522" lon="-114.76058">
        <ele>2365.06</ele>
      </trkpt>
      <trkpt lat="50.51525" lon="-114.76065">
        <ele>2361.11</ele>
      </trkpt>
      <trkpt lat="50.51529" lon="-114.76073">
        <ele>2356.5</ele>
      </trkpt>
      <trkpt lat="50.51532" lon="-114.7608">
        <ele>2353.81</ele>
      </trkpt>
      <trkpt lat="50.51536" lon="-114.76088">
        <ele>2351.9</ele>
      </trkpt>
      <trkpt lat="50.5154" lon="-114.76094">
        <ele>2349.52</ele>
      </trkpt>
      <trkpt lat="50.51544" lon="-114.76099">
        <ele>2346.16</ele>
      </trkpt>
      <trkpt lat="50.51547" lon="-114.76107">
        <ele>2341.46</ele>
      </trkpt>
      <trkpt lat="50.51551" lon="-114.76114">
        <ele>2335.42</ele>
      </trkpt>
      <trkpt lat="50.51554" lon="-114.76122">
        <ele>2330.82</ele>
      </trkpt>
      <trkpt lat="50.51557" lon="-114.76131">
        <ele>2327.41</ele>
      </trkpt>
      <trkpt lat="50.5156" lon="-114.7614">
        <ele>2325.05</ele>
      </trkpt>
      <trkpt lat="50.51564" lon="-114.76147">
        <ele>2324.02</ele>
      </trkpt>
      <trkpt lat="50.51569" lon="-114.7615">
        <ele>2322.53</ele>
      </trkpt>
      <trkpt lat="50.51574" lon="-114.76155">
        <ele>2320.67</ele>
      </trkpt>
      <trkpt lat="50.51579" lon="-114.76159">
        <ele>2318.6</ele>
      </trkpt>
      <trkpt lat="50.51584" lon="-114.76164">
        <ele>2316.48</ele>
      </trkpt>
      <trkpt lat="50.51588" lon="-114.76168">
        <ele>2316.56</ele>
      </trkpt>
      <trkpt lat="50.51593" lon="-114.76172">
        <ele>2316.67</ele>
      </trkpt>
      <trkpt lat="50.51597" lon="-114.76175">
        <ele>2316.49</ele>
      </trkpt>
      <trkpt lat="50.51598" lon="-114.76184">
        <ele>2314.85</ele>
      </trkpt>
      <trkpt lat="50.51599" lon="-114.76191">
        <ele>2313.43</ele>
      </trkpt>
      <trkpt lat="50.51603" lon="-114.76198">
        <ele>2311.47</ele>
      </trkpt>
      <trkpt lat="50.51609" lon="-114.76199">
        <ele>2310.59</ele>
      </trkpt>
      <trkpt lat="50.51613" lon="-114.76204">
        <ele>2308.81</ele>
      </trkpt>
      <trkpt lat="50.5162" lon="-114.76206">
        <ele>2305.58</ele>
      </trkpt>
      <trkpt lat="50.51623" lon="-114.76213">
        <ele>2303.62</ele>
      </trkpt>
      <trkpt lat="50.51627" lon="-114.7622">
        <ele>2301.46</ele>
      </trkpt>
      <trkpt lat="50.51632" lon="-114.76223">
        <ele>2299.43</ele>
      </trkpt>
      <trkpt lat="50.51639" lon="-114.76224">
        <ele>2296.84</ele>
      </trkpt>
      <trkpt lat="50.51644" lon="-114.76227">
        <ele>2295.15</ele>
      </trkpt>
      <trkpt lat="50.51649" lon="-114.76228">
        <ele>2293.6</ele>
      </trkpt>
      <trkpt lat="50.51654" lon="-114.76229">
        <ele>2292.03</ele>
      </trkpt>
      <trkpt lat="50.51658" lon="-114.76232">
        <ele>2290.55</ele>
      </trkpt>
      <trkpt lat="50.51663" lon="-114.76235">
        <ele>2288.74</ele>
      </trkpt>
      <trkpt lat="50.51668" lon="-114.76236">
        <ele>2287.13</ele>
      </trkpt>
      <trkpt lat="50.51673" lon="-114.7624">
        <ele>2285.26</ele>
      </trkpt>
      <trkpt lat="50.51678" lon="-114.76244">
        <ele>2283.38</ele>
      </trkpt>
      <trkpt lat="50.5168" lon="-114.7625">
        <ele>2282.16</ele>
      </trkpt>
      <trkpt lat="50.51681" lon="-114.76259">
        <ele>2281.22</ele>
      </trkpt>
      <trkpt lat="50.51682" lon="-114.76268">
        <ele>2280.29</ele>
      </trkpt>
      <trkpt lat="50.51684" lon="-114.76276">
        <ele>2279.14</ele>
      </trkpt>
      <trkpt lat="50.51687" lon="-114.76285">
        <ele>2277.1</ele>
      </trkpt>
      <trkpt lat="50.51689" lon="-114.76294">
        <ele>2275.23</ele>
      </trkpt>
      <trkpt lat="50.51692" lon="-114.76303">
        <ele>2273.07</ele>
      </trkpt>
      <trkpt lat="50.51695" lon="-114.76312">
        <ele>2270.46</ele>
      </trkpt>
      <trkpt lat="50.51698" lon="-114.76321">
        <ele>2267.85</ele>
      </trkpt>
      <trkpt lat="50.51701" lon="-114.7633">
        <ele>2265.46</ele>
      </trkpt>
      <trkpt lat="50.51702" lon="-114.76339">
        <ele>2263.62</ele>
      </trkpt>
      <trkpt lat="50.51699" lon="-114.76343">
        <ele>2263.44</ele>
      </trkpt>
      <trkpt lat="50.51696" lon="-114.76348">
        <ele>2263.08</ele>
      </trkpt>
      <trkpt lat="50.51696" lon="-114.76355">
        <ele>2261.82</ele>
      </trkpt>
      <trkpt lat="50.51699" lon="-114.76364">
        <ele>2259.73</ele>
      </trkpt>
      <trkpt lat="50.51703" lon="-114.76371">
        <ele>2257.82</ele>
      </trkpt>
      <trkpt lat="50.51706" lon="-114.7638">
        <ele>2255.63</ele>
      </trkpt>
      <trkpt lat="50.5171" lon="-114.76385">
        <ele>2253.8</ele>
      </trkpt>
      <trkpt lat="50.51715" lon="-114.7639">
        <ele>2251.71</ele>
      </trkpt>
      <trkpt lat="50.51719" lon="-114.76395">
        <ele>2250.18</ele>
      </trkpt>
      <trkpt lat="50.5172" lon="-114.76403">
        <ele>2249.08</ele>
      </trkpt>
      <trkpt lat="50.51723" lon="-114.76409">
        <ele>2247.84</ele>
      </trkpt>
      <trkpt lat="50.51723" lon="-114.76417">
        <ele>2247.0</ele>
      </trkpt>
      <trkpt lat="50.51727" lon="-114.76423">
        <ele>2246.79</ele>
      </trkpt>
      <trkpt lat="50.51731" lon="-114.76429">
        <ele>2246.71</ele>
      </trkpt>
      <trkpt lat="50.51735" lon="-114.76435">
        <ele>2246.75</ele>
      </trkpt>
      <trkpt lat="50.5174" lon="-114.76441">
        <ele>2247.01</ele>
      </trkpt>
      <trkpt lat="50.51744" lon="-114.76447">
        <ele>2247.26</ele>
      </trkpt>
      <trkpt lat="50.51749" lon="-114.76452">
        <ele>2247.62</ele>
      </trkpt>
      <trkpt lat="50.5175" lon="-114.76459">
        <ele>2247.48</ele>
      </trkpt>
      <trkpt lat="50.51753" lon="-114.76464">
        <ele>2246.83</ele>
      </trkpt>
      <trkpt lat="50.51755" lon="-114.76472">
        <ele>2246.29</ele>
      </trkpt>
      <trkpt lat="50.51757" lon="-114.76479">
        <ele>2245.99</ele>
      </trkpt>
      <trkpt lat="50.51761" lon="-114.76486">
        <ele>2245.42</ele>
      </trkpt>
      <trkpt lat="50.51762" lon="-114.76495">
        <ele>2245.27</ele>
      </trkpt>
      <trkpt lat="50.51765" lon="-114.76504">
        <ele>2244.63</ele>
      </trkpt>
      <trkpt lat="50.51764" lon="-114.76512">
        <ele>2244.34</ele>
      </trkpt>
      <trkpt lat="50.51764" lon="-114.76521">
        <ele>2243.85</ele>
      </trkpt>
      <trkpt lat="50.51764" lon="-114.76529">
        <ele>2243.44</ele>
      </trkpt>
      <trkpt lat="50.51766" lon="-114.76538">
        <ele>2242.85</ele>
      </trkpt>
      <trkpt lat="50.51768" lon="-114.76547">
        <ele>2242.16</ele>
      </trkpt>
      <trkpt lat="50.51771" lon="-114.76554">
        <ele>2241.3</ele>
      </trkpt>
      <trkpt lat="50.51774" lon="-114.76563">
        <ele>2241.13</ele>
      </trkpt>
      <trkpt lat="50.51779" lon="-114.76567">
        <ele>2239.97</ele>
      </trkpt>
      <trkpt lat="50.51783" lon="-114.76573">
        <ele>2238.75</ele>
      </trkpt>
      <trkpt lat="50.51788" lon="-114.76578">
        <ele>2237.13</ele>
      </trkpt>
      <trkpt lat="50.51792" lon="-114.76583">
        <ele>2235.87</ele>
      </trkpt>
      <trkpt lat="50.51798" lon="-114.76585">
        <ele>2233.94</ele>
      </trkpt>
      <trkpt lat="50.51804" lon="-114.76588">
        <ele>2232.35</ele>
      </trkpt>
      <trkpt lat="50.5181" lon="-114.76589">
        <ele>2230.96</ele>
      </trkpt>
      <trkpt lat="50.51815" lon="-114.76593">
        <ele>2230.35</ele>
      </trkpt>
      <trkpt lat="50.51819" lon="-114.766">
        <ele>2230.22</ele>
      </trkpt>
      <trkpt lat="50.51823" lon="-114.76606">
        <ele>2229.77</ele>
      </trkpt>
      <trkpt lat="50.51827" lon="-114.76612">
        <ele>2229.02</ele>
      </trkpt>
      <trkpt lat="50.51832" lon="-114.76618">
        <ele>2226.98</ele>
      </trkpt>
      <trkpt lat="50.51836" lon="-114.76622">
        <ele>2225.03</ele>
      </trkpt>
      <trkpt lat="50.51841" lon="-114.76627">
        <ele>2222.39</ele>
      </trkpt>
      <trkpt lat="50.51846" lon="-114.76631">
        <ele>2219.77</ele>
      </trkpt>
      <trkpt lat="50.5185" lon="-114.76637">
        <ele>2217.38</ele>
      </trkpt>
      <trkpt lat="50.51855" lon="-114.76641">
        <ele>2214.82</ele>
      </trkpt>
      <trkpt lat="50.51859" lon="-114.76647">
        <ele>2212.74</ele>
      </trkpt>
      <trkpt lat="50.51863" lon="-114.76655">
        <ele>2211.03</ele>
      </trkpt>
      <trkpt lat="50.51866" lon="-114.76662">
        <ele>2210.02</ele>
      </trkpt>
      <trkpt lat="50.5187" lon="-114.7667">
        <ele>2208.69</ele>
      </trkpt>
      <trkpt lat="50.51873" lon="-114.76679">
        <ele>2207.5</ele>
      </trkpt>
      <trkpt lat="50.51876" lon="-114.76686">
        <ele>2206.08</ele>
      </trkpt>
      <trkpt lat="50.51882" lon="-114.76689">
        <ele>2203.52</ele>
      </trkpt>
      <trkpt lat="50.51886" lon="-114.76695">
        <ele>2201.24</ele>
      </trkpt>
      <trkpt lat="50.51891" lon="-114.767">
        <ele>2199.07</ele>
      </trkpt>
      <trkpt lat="50.51895" lon="-114.76706">
        <ele>2197.33</ele>
      </trkpt>
      <trkpt lat="50.51898" lon="-114.76713">
        <ele>2195.72</ele>
      </trkpt>
      <trkpt lat="50.51901" lon="-114.76718">
        <ele>2194.12</ele>
      </trkpt>
      <trkpt lat="50.51902" lon="-114.76721">
        <ele>2193.44</ele>
      </trkpt>
      <trkpt lat="50.51905" lon="-114.76728">
        <ele>2192.39</ele>
      </trkpt>
      <trkpt lat="50.51908" lon="-114.76737">
        <ele>2191.41</ele>
      </trkpt>
      <trkpt lat="50.51912" lon="-114.76744">
        <ele>2189.54</ele>
      </trkpt>
      <trkpt lat="50.51915" lon="-114.76753">
        <ele>2188.29</ele>
      </trkpt>
      <trkpt lat="50.51919" lon="-114.76758">
        <ele>2187.06</ele>
      </trkpt>
      <trkpt lat="50.51924" lon="-114.76764">
        <ele>2185.87</ele>
      </trkpt>
      <trkpt lat="50.51928" lon="-114.76769">
        <ele>2184.82</ele>
      </trkpt>
      <trkpt lat="50.51931" lon="-114.76777">
        <ele>2184.27</ele>
      </trkpt>
      <trkpt lat="50.51935" lon="-114.76785">
        <ele>2182.58</ele>
      </trkpt>
      <trkpt lat="50.51938" lon="-114.76794">
        <ele>2180.75</ele>
      </trkpt>
      <trkpt lat="50.51941" lon="-114.76801">
        <ele>2178.58</ele>
      </trkpt>
      <trkpt lat="50.51947" lon="-114.76804">
        <ele>2176.24</ele>
      </trkpt>
      <trkpt lat="50.51952" lon="-114.76808">
        <ele>2176.54</ele>
      </trkpt>
      <trkpt lat="50.51956" lon="-114.76815">
        <ele>2177.13</ele>
      </trkpt>
      <trkpt lat="50.51958" lon="-114.76824">
        <ele>2177.54</ele>
      </trkpt>
      <trkpt lat="50.51961" lon="-114.76833">
        <ele>2177.41</ele>
      </trkpt>
      <trkpt lat="50.51964" lon="-114.76842">
        <ele>2177.53</ele>
      </trkpt>
      <trkpt lat="50.51967" lon="-114.76849">
        <ele>2177.61</ele>
      </trkpt>
      <trkpt lat="50.5197" lon="-114.76856">
        <ele>2177.8</ele>
      </trkpt>
      <trkpt lat="50.51973" lon="-114.76863">
        <ele>2177.97</ele>
      </trkpt>
      <trkpt lat="50.51974" lon="-114.76871">
        <ele>2178.03</ele>
      </trkpt>
      <trkpt lat="50.51975" lon="-114.76878">
        <ele>2177.94</ele>
      </trkpt>
      <trkpt lat="50.51974" lon="-114.76886">
        <ele>2178.36</ele>
      </trkpt>
      <trkpt lat="50.51974" lon="-114.76894">
        <ele>2177.85</ele>
      </trkpt>
      <trkpt lat="50.51973" lon="-114.76902">
        <ele>2177.31</ele>
      </trkpt>
      <trkpt lat="50.51974" lon="-114.76911">
        <ele>2175.93</ele>
      </trkpt>
      <trkpt lat="50.51977" lon="-114.7692">
        <ele>2173.67</ele>
      </trkpt>
      <trkpt lat="50.51979" lon="-114.76929">
        <ele>2171.76</ele>
      </trkpt>
      <trkpt lat="50.51982" lon="-114.76938">
        <ele>2169.6</ele>
      </trkpt>
      <trkpt lat="50.51985" lon="-114.76947">
        <ele>2168.06</ele>
      </trkpt>
      <trkpt lat="50.51988" lon="-114.76954">
        <ele>2167.48</ele>
      </trkpt>
      <trkpt lat="50.51992" lon="-114.76962">
        <ele>2166.32</ele>
      </trkpt>
      <trkpt lat="50.51995" lon="-114.76969">
        <ele>2165.26</ele>
      </trkpt>
      <trkpt lat="50.52" lon="-114.76975">
        <ele>2163.6</ele>
      </trkpt>
      <trkpt lat="50.52004" lon="-114.76981">
        <ele>2164.86</ele>
      </trkpt>
      <trkpt lat="50.52007" lon="-114.76989">
        <ele>2166.27</ele>
      </trkpt>
      <trkpt lat="50.52011" lon="-114.76996">
        <ele>2167.18</ele>
      </trkpt>
      <trkpt lat="50.52014" lon="-114.77004">
        <ele>2168.21</ele>
      </trkpt>
      <trkpt lat="50.52018" lon="-114.77011">
        <ele>2168.8</ele>
      </trkpt>
      <trkpt lat="50.52021" lon="-114.77019">
        <ele>2169.45</ele>
      </trkpt>
      <trkpt lat="50.52025" lon="-114.77026">
        <ele>2169.48</ele>
      </trkpt>
      <trkpt lat="50.52028" lon="-114.77034">
        <ele>2169.41</ele>
      </trkpt>
      <trkpt lat="50.52032" lon="-114.77041">
        <ele>2169.26</ele>
      </trkpt>
      <trkpt lat="50.52033" lon="-114.7705">
        <ele>2169.92</ele>
      </trkpt>
      <trkpt lat="50.52035" lon="-114.77059">
        <ele>2170.22</ele>
      </trkpt>
      <trkpt lat="50.52036" lon="-114.77067">
        <ele>2170.11</ele>
      </trkpt>
      <trkpt lat="50.52038" lon="-114.77076">
        <ele>2169.9</ele>
      </trkpt>
      <trkpt lat="50.52039" lon="-114.77085">
        <ele>2170.01</ele>
      </trkpt>
      <trkpt lat="50.52042" lon="-114.77094">
        <ele>2170.58</ele>
      </trkpt>
      <trkpt lat="50.52045" lon="-114.77103">
        <ele>2170.58</ele>
      </trkpt>
      <trkpt lat="50.52049" lon="-114.7711">
        <ele>2169.56</ele>
      </trkpt>
      <trkpt lat="50.52052" lon="-114.77118">
        <ele>2168.28</ele>
      </trkpt>
      <trkpt lat="50.52055" lon="-114.77125">
        <ele>2167.18</ele>
      </trkpt>
      <trkpt lat="50.52059" lon="-114.77133">
        <ele>2165.91</ele>
      </trkpt>
      <trkpt lat="50.52062" lon="-114.7714">
        <ele>2164.88</ele>
      </trkpt>
      <trkpt lat="50.52066" lon="-114.77148">
        <ele>2163.41</ele>
      </trkpt>
      <trkpt lat="50.52069" lon="-114.77156">
        <ele>2162.33</ele>
      </trkpt>
      <trkpt lat="50.52074" lon="-114.77161">
        <ele>2160.76</ele>
      </trkpt>
      <trkpt lat="50.52078" lon="-114.77167">
        <ele>2159.54</ele>
      </trkpt>
      <trkpt lat="50.52082" lon="-114.77172">
        <ele>2158.54</ele>
      </trkpt>
      <trkpt lat="50.52085" lon="-114.77181">
        <ele>2158.46</ele>
      </trkpt>
      <trkpt lat="50.5209" lon="-114.77186">
        <ele>2158.46</ele>
      </trkpt>
      <trkpt lat="50.52093" lon="-114.77194">
        <ele>2158.64</ele>
      </trkpt>
      <trkpt lat="50.52097" lon="-114.772">
        <ele>2158.01</ele>
      </trkpt>
      <trkpt lat="50.52097" lon="-114.77205">
        <ele>2157.57</ele>
      </trkpt>
      <trkpt lat="50.52097" lon="-114.77207">
        <ele>2157.39</ele>
      </trkpt>
      <trkpt lat="50.52093" lon="-114.77212">
        <ele>2157.36</ele>
      </trkpt>
      <trkpt lat="50.52089" lon="-114.77217">
        <ele>2157.49</ele>
      </trkpt>
      <trkpt lat="50.52089" lon="-114.77224">
        <ele>2157.52</ele>
      </trkpt>
      <trkpt lat="50.52091" lon="-114.77231">
        <ele>2158.56</ele>
      </trkpt>
      <trkpt lat="50.52093" lon="-114.77238">
        <ele>2159.65</ele>
      </trkpt>
      <trkpt lat="50.52096" lon="-114.77244">
        <ele>2160.45</ele>
      </trkpt>
      <trkpt lat="50.52098" lon="-114.77251">
        <ele>2161.21</ele>
      </trkpt>
      <trkpt lat="50.52099" lon="-114.77258">
        <ele>2159.76</ele>
      </trkpt>
      <trkpt lat="50.52099" lon="-114.77266">
        <ele>2158.22</ele>
      </trkpt>
      <trkpt lat="50.521" lon="-114.77273">
        <ele>2157.06</ele>
      </trkpt>
      <trkpt lat="50.52102" lon="-114.7728">
        <ele>2156.52</ele>
      </trkpt>
      <trkpt lat="50.52102" lon="-114.77287">
        <ele>2155.92</ele>
      </trkpt>
      <trkpt lat="50.52103" lon="-114.77294">
        <ele>2155.47</ele>
      </trkpt>
      <trkpt lat="50.52105" lon="-114.77302">
        <ele>2154.93</ele>
      </trkpt>
      <trkpt lat="50.5211" lon="-114.77306">
        <ele>2154.88</ele>
      </trkpt>
      <trkpt lat="50.52114" lon="-114.7731">
        <ele>2155.07</ele>
      </trkpt>
      <trkpt lat="50.52118" lon="-114.77315">
        <ele>2155.39</ele>
      </trkpt>
      <trkpt lat="50.52122" lon="-114.77318">
        <ele>2155.97</ele>
      </trkpt>
      <trkpt lat="50.52127" lon="-114.77324">
        <ele>2156.63</ele>
      </trkpt>
      <trkpt lat="50.5213" lon="-114.77331">
        <ele>2156.9</ele>
      </trkpt>
      <trkpt lat="50.52132" lon="-114.77337">
        <ele>2157.3</ele>
      </trkpt>
      <trkpt lat="50.52134" lon="-114.77344">
        <ele>2157.72</ele>
      </trkpt>
      <trkpt lat="50.52134" lon="-114.77352">
        <ele>2157.69</ele>
      </trkpt>
      <trkpt lat="50.52132" lon="-114.77358">
        <ele>2157.48</ele>
      </trkpt>
      <trkpt lat="50.52132" lon="-114.77366">
        <ele>2157.77</ele>
      </trkpt>
      <trkpt lat="50.52134" lon="-114.77373">
        <ele>2158.35</ele>
      </trkpt>
      <trkpt lat="50.52133" lon="-114.7738">
        <ele>2158.65</ele>
      </trkpt>
      <trkpt lat="50.5213" lon="-114.77386">
        <ele>2158.58</ele>
      </trkpt>
      <trkpt lat="50.52129" lon="-114.77394">
        <ele>2159.39</ele>
      </trkpt>
      <trkpt lat="50.52127" lon="-114.77401">
        <ele>2160.34</ele>
      </trkpt>
      <trkpt lat="50.52126" lon="-114.77408">
        <ele>2161.48</ele>
      </trkpt>
      <trkpt lat="50.52125" lon="-114.77415">
        <ele>2162.7</ele>
      </trkpt>
      <trkpt lat="50.52125" lon="-114.77423">
        <ele>2163.46</ele>
      </trkpt>
      <trkpt lat="50.52124" lon="-114.7743">
        <ele>2163.96</ele>
      </trkpt>
      <trkpt lat="50.52122" lon="-114.77438">
        <ele>2164.54</ele>
      </trkpt>
      <trkpt lat="50.52119" lon="-114.77446">
        <ele>2165.56</ele>
      </trkpt>
      <trkpt lat="50.52117" lon="-114.77452">
        <ele>2167.86</ele>
      </trkpt>
      <trkpt lat="50.52114" lon="-114.77458">
        <ele>2170.5</ele>
      </trkpt>
      <trkpt lat="50.52113" lon="-114.7746">
        <ele>2171.45</ele>
      </trkpt>
      <trkpt lat="50.52114" lon="-114.77459">
        <ele>2170.91</ele>
      </trkpt>
      <trkpt lat="50.5211" lon="-114.77467">
        <ele>2174.69</ele>
      </trkpt>
      <trkpt lat="50.52107" lon="-114.77473">
        <ele>2176.86</ele>
      </trkpt>
      <trkpt lat="50.52104" lon="-114.77479">
        <ele>2177.83</ele>
      </trkpt>
      <trkpt lat="50.52101" lon="-114.77486">
        <ele>2178.89</ele>
      </trkpt>
      <trkpt lat="50.52098" lon="-114.77492">
        <ele>2179.66</ele>
      </trkpt>
      <trkpt lat="50.52095" lon="-114.77498">
        <ele>2180.33</ele>
      </trkpt>
      <trkpt lat="50.52091" lon="-114.77505">
        <ele>2180.22</ele>
      </trkpt>
      <trkpt lat="50.52088" lon="-114.77511">
        <ele>2180.13</ele>
      </trkpt>
      <trkpt lat="50.52084" lon="-114.77517">
        <ele>2180.25</ele>
      </trkpt>
      <trkpt lat="50.5208" lon="-114.77523">
        <ele>2179.2</ele>
      </trkpt>
      <trkpt lat="50.52078" lon="-114.77529">
        <ele>2178.49</ele>
      </trkpt>
      <trkpt lat="50.52075" lon="-114.77535">
        <ele>2176.39</ele>
      </trkpt>
      <trkpt lat="50.52072" lon="-114.77544">
        <ele>2174.27</ele>
      </trkpt>
      <trkpt lat="50.52072" lon="-114.77552">
        <ele>2173.36</ele>
      </trkpt>
      <trkpt lat="50.52072" lon="-114.77556">
        <ele>2172.98</ele>
      </trkpt>
      <trkpt lat="50.52072" lon="-114.77558">
        <ele>2173.08</ele>
      </trkpt>
      <trkpt lat="50.5207" lon="-114.77566">
        <ele>2173.16</ele>
      </trkpt>
      <trkpt lat="50.52068" lon="-114.77572">
        <ele>2173.16</ele>
      </trkpt>
      <trkpt lat="50.52065" lon="-114.77578">
        <ele>2173.04</ele>
      </trkpt>
      <trkpt lat="50.52063" lon="-114.77588">
        <ele>2173.65</ele>
      </trkpt>
      <trkpt lat="50.52061" lon="-114.77596">
        <ele>2174.43</ele>
      </trkpt>
      <trkpt lat="50.5206" lon="-114.77603">
        <ele>2175.25</ele>
      </trkpt>
      <trkpt lat="50.52058" lon="-114.77611">
        <ele>2176.16</ele>
      </trkpt>
      <trkpt lat="50.52057" lon="-114.7762">
        <ele>2176.76</ele>
      </trkpt>
      <trkpt lat="50.52056" lon="-114.77627">
        <ele>2177.19</ele>
      </trkpt>
      <trkpt lat="50.52055" lon="-114.77635">
        <ele>2177.54</ele>
      </trkpt>
      <trkpt lat="50.52053" lon="-114.77642">
        <ele>2177.27</ele>
      </trkpt>
      <trkpt lat="50.5205" lon="-114.77649">
        <ele>2176.49</ele>
      </trkpt>
      <trkpt lat="50.52047" lon="-114.77656">
        <ele>2175.65</ele>
      </trkpt>
      <trkpt lat="50.52044" lon="-114.77661">
        <ele>2174.72</ele>
      </trkpt>
      <trkpt lat="50.52042" lon="-114.77667">
        <ele>2174.11</ele>
      </trkpt>
      <trkpt lat="50.5204" lon="-114.77674">
        <ele>2173.19</ele>
      </trkpt>
      <trkpt lat="50.52037" lon="-114.7768">
        <ele>2171.68</ele>
      </trkpt>
      <trkpt lat="50.52034" lon="-114.77684">
        <ele>2170.07</ele>
      </trkpt>
      <trkpt lat="50.52033" lon="-114.77687">
        <ele>2169.37</ele>
      </trkpt>
      <trkpt lat="50.5203" lon="-114.77695">
        <ele>2167.16</ele>
      </trkpt>
      <trkpt lat="50.52026" lon="-114.777">
        <ele>2165.31</ele>
      </trkpt>
      <trkpt lat="50.52023" lon="-114.77706">
        <ele>2164.35</ele>
      </trkpt>
      <trkpt lat="50.5202" lon="-114.77711">
        <ele>2163.5</ele>
      </trkpt>
      <trkpt lat="50.52017" lon="-114.77718">
        <ele>2162.71</ele>
      </trkpt>
      <trkpt lat="50.52014" lon="-114.77725">
        <ele>2162.18</ele>
      </trkpt>
      <trkpt lat="50.52011" lon="-114.77732">
        <ele>2161.79</ele>
      </trkpt>
      <trkpt lat="50.52009" lon="-114.7774">
        <ele>2161.57</ele>
      </trkpt>
      <trkpt lat="50.52007" lon="-114.77748">
        <ele>2161.21</ele>
      </trkpt>
      <trkpt lat="50.52004" lon="-114.77754">
        <ele>2160.67</ele>
      </trkpt>
      <trkpt lat="50.52002" lon="-114.77762">
        <ele>2160.85</ele>
      </trkpt>
      <trkpt lat="50.52" lon="-114.77768">
        <ele>2160.94</ele>
      </trkpt>
      <trkpt lat="50.52" lon="-114.7777">
        <ele>2161.16</ele>
      </trkpt>
      <trkpt lat="50.51999" lon="-114.77769">
        <ele>2161.11</ele>
      </trkpt>
      <trkpt lat="50.51998" lon="-114.77772">
        <ele>2161.51</ele>
      </trkpt>
      <trkpt lat="50.51998" lon="-114.7778">
        <ele>2162.29</ele>
      </trkpt>
      <trkpt lat="50.51997" lon="-114.77789">
        <ele>2162.89</ele>
      </trkpt>
      <trkpt lat="50.51997" lon="-114.77797">
        <ele>2163.38</ele>
      </trkpt>
      <trkpt lat="50.51994" lon="-114.77805">
        <ele>2163.76</ele>
      </trkpt>
      <trkpt lat="50.51993" lon="-114.77813">
        <ele>2164.02</ele>
      </trkpt>
      <trkpt lat="50.51991" lon="-114.77821">
        <ele>2164.23</ele>
      </trkpt>
      <trkpt lat="50.51988" lon="-114.77829">
        <ele>2164.41</ele>
      </trkpt>
      <trkpt lat="50.51987" lon="-114.77837">
        <ele>2164.73</ele>
      </trkpt>
      <trkpt lat="50.51987" lon="-114.77845">
        <ele>2165.15</ele>
      </trkpt>
      <trkpt lat="50.51984" lon="-114.77853">
        <ele>2165.54</ele>
      </trkpt>
      <trkpt lat="50.51983" lon="-114.77861">
        <ele>2165.99</ele>
      </trkpt>
      <trkpt lat="50.51982" lon="-114.77869">
        <ele>2165.63</ele>
      </trkpt>
      <trkpt lat="50.51981" lon="-114.77877">
        <ele>2165.22</ele>
      </trkpt>
      <trkpt lat="50.51982" lon="-114.77886">
        <ele>2164.84</ele>
      </trkpt>
      <trkpt lat="50.51982" lon="-114.77894">
        <ele>2164.22</ele>
      </trkpt>
      <trkpt lat="50.51983" lon="-114.77901">
        <ele>2163.64</ele>
      </trkpt>
      <trkpt lat="50.51984" lon="-114.77909">
        <ele>2162.98</ele>
      </trkpt>
      <trkpt lat="50.51987" lon="-114.77916">
        <ele>2162.66</ele>
      </trkpt>
      <trkpt lat="50.5199" lon="-114.77921">
        <ele>2162.98</ele>
      </trkpt>
      <trkpt lat="50.51995" lon="-114.77927">
        <ele>2163.53</ele>
      </trkpt>
      <trkpt lat="50.51999" lon="-114.77933">
        <ele>2163.91</ele>
      </trkpt>
      <trkpt lat="50.52003" lon="-114.77939">
        <ele>2164.26</ele>
      </trkpt>
      <trkpt lat="50.52008" lon="-114.77944">
        <ele>2165.12</ele>
      </trkpt>
      <trkpt lat="50.52012" lon="-114.77949">
        <ele>2164.83</ele>
      </trkpt>
      <trkpt lat="50.52018" lon="-114.77951">
        <ele>2164.9</ele>
      </trkpt>
      <trkpt lat="50.52023" lon="-114.77955">
        <ele>2164.03</ele>
      </trkpt>
      <trkpt lat="50.52029" lon="-114.77958">
        <ele>2162.94</ele>
      </trkpt>
      <trkpt lat="50.52034" lon="-114.77961">
        <ele>2161.27</ele>
      </trkpt>
      <trkpt lat="50.52039" lon="-114.77966">
        <ele>2159.29</ele>
      </trkpt>
      <trkpt lat="50.52044" lon="-114.77969">
        <ele>2158.17</ele>
      </trkpt>
      <trkpt lat="50.52048" lon="-114.77976">
        <ele>2157.52</ele>
      </trkpt>
      <trkpt lat="50.52049" lon="-114.77985">
        <ele>2158.02</ele>
      </trkpt>
      <trkpt lat="50.5205" lon="-114.77993">
        <ele>2158.4</ele>
      </trkpt>
      <trkpt lat="50.52052" lon="-114.78002">
        <ele>2158.43</ele>
      </trkpt>
      <trkpt lat="50.52053" lon="-114.78011">
        <ele>2157.94</ele>
      </trkpt>
      <trkpt lat="50.52056" lon="-114.7802">
        <ele>2157.21</ele>
      </trkpt>
      <trkpt lat="50.52059" lon="-114.78029">
        <ele>2156.48</ele>
      </trkpt>
      <trkpt lat="50.5206" lon="-114.78037">
        <ele>2156.24</ele>
      </trkpt>
      <trkpt lat="50.52063" lon="-114.78046">
        <ele>2155.98</ele>
      </trkpt>
      <trkpt lat="50.52062" lon="-114.78055">
        <ele>2156.0</ele>
      </trkpt>
      <trkpt lat="50.52062" lon="-114.78063">
        <ele>2154.78</ele>
      </trkpt>
      <trkpt lat="50.5206" lon="-114.78071">
        <ele>2153.4</ele>
      </trkpt>
      <trkpt lat="50.52056" lon="-114.78076">
        <ele>2152.34</ele>
      </trkpt>
      <trkpt lat="50.5205" lon="-114.78077">
        <ele>2152.52</ele>
      </trkpt>
      <trkpt lat="50.52044" lon="-114.78076">
        <ele>2153.18</ele>
      </trkpt>
      <trkpt lat="50.52038" lon="-114.78074">
        <ele>2154.16</ele>
      </trkpt>
      <trkpt lat="50.52032" lon="-114.78073">
        <ele>2154.97</ele>
      </trkpt>
      <trkpt lat="50.52025" lon="-114.78072">
        <ele>2155.37</ele>
      </trkpt>
      <trkpt lat="50.52019" lon="-114.7807">
        <ele>2155.25</ele>
      </trkpt>
      <trkpt lat="50.52014" lon="-114.78071">
        <ele>2154.4</ele>
      </trkpt>
      <trkpt lat="50.52009" lon="-114.78077">
        <ele>2152.61</ele>
      </trkpt>
      <trkpt lat="50.52006" lon="-114.78084">
        <ele>2151.14</ele>
      </trkpt>
      <trkpt lat="50.52002" lon="-114.7809">
        <ele>2150.16</ele>
      </trkpt>
      <trkpt lat="50.51998" lon="-114.78097">
        <ele>2148.92</ele>
      </trkpt>
      <trkpt lat="50.51993" lon="-114.781">
        <ele>2148.25</ele>
      </trkpt>
      <trkpt lat="50.51989" lon="-114.78104">
        <ele>2147.53</ele>
      </trkpt>
      <trkpt lat="50.51984" lon="-114.78106">
        <ele>2147.05</ele>
      </trkpt>
      <trkpt lat="50.51979" lon="-114.78108">
        <ele>2146.61</ele>
      </trkpt>
      <trkpt lat="50.51973" lon="-114.78111">
        <ele>2146.04</ele>
      </trkpt>
      <trkpt lat="50.51968" lon="-114.78113">
        <ele>2146.54</ele>
      </trkpt>
      <trkpt lat="50.51963" lon="-114.78115">
        <ele>2147.19</ele>
      </trkpt>
      <trkpt lat="50.51958" lon="-114.78118">
        <ele>2147.8</ele>
      </trkpt>
      <trkpt lat="50.51955" lon="-114.78125">
        <ele>2147.98</ele>
      </trkpt>
      <trkpt lat="50.51951" lon="-114.78131">
        <ele>2148.34</ele>
      </trkpt>
      <trkpt lat="50.51947" lon="-114.78138">
        <ele>2148.66</ele>
      </trkpt>
      <trkpt lat="50.51944" lon="-114.78146">
        <ele>2149.62</ele>
      </trkpt>
      <trkpt lat="50.51941" lon="-114.78154">
        <ele>2150.82</ele>
      </trkpt>
      <trkpt lat="50.51939" lon="-114.78162">
        <ele>2151.71</ele>
      </trkpt>
      <trkpt lat="50.51937" lon="-114.7817">
        <ele>2152.28</ele>
      </trkpt>
      <trkpt lat="50.51935" lon="-114.78178">
        <ele>2152.42</ele>
      </trkpt>
      <trkpt lat="50.51933" lon="-114.78185">
        <ele>2152.52</ele>
      </trkpt>
      <trkpt lat="50.51929" lon="-114.78193">
        <ele>2152.73</ele>
      </trkpt>
      <trkpt lat="50.51926" lon="-114.78201">
        <ele>2152.6</ele>
      </trkpt>
      <trkpt lat="50.51922" lon="-114.78208">
        <ele>2152.54</ele>
      </trkpt>
      <trkpt lat="50.5192" lon="-114.78216">
        <ele>2152.18</ele>
      </trkpt>
      <trkpt lat="50.51918" lon="-114.78224">
        <ele>2151.96</ele>
      </trkpt>
      <trkpt lat="50.51916" lon="-114.78232">
        <ele>2152.53</ele>
      </trkpt>
      <trkpt lat="50.51915" lon="-114.7824">
        <ele>2152.97</ele>
      </trkpt>
      <trkpt lat="50.51914" lon="-114.78248">
        <ele>2153.26</ele>
      </trkpt>
      <trkpt lat="50.51913" lon="-114.78257">
        <ele>2153.73</ele>
      </trkpt>
      <trkpt lat="50.51912" lon="-114.78265">
        <ele>2154.13</ele>
      </trkpt>
      <trkpt lat="50.51912" lon="-114.78273">
        <ele>2154.46</ele>
      </trkpt>
      <trkpt lat="50.51909" lon="-114.78281">
        <ele>2154.4</ele>
      </trkpt>
      <trkpt lat="50.51906" lon="-114.78289">
        <ele>2154.14</ele>
      </trkpt>
      <trkpt lat="50.51903" lon="-114.78296">
        <ele>2154.01</ele>
      </trkpt>
      <trkpt lat="50.51901" lon="-114.78304">
        <ele>2153.99</ele>
      </trkpt>
      <trkpt lat="50.51899" lon="-114.78312">
        <ele>2154.44</ele>
      </trkpt>
      <trkpt lat="50.51896" lon="-114.78318">
        <ele>2155.0</ele>
      </trkpt>
      <trkpt lat="50.51894" lon="-114.78325">
        <ele>2155.71</ele>
      </trkpt>
      <trkpt lat="50.51893" lon="-114.78331">
        <ele>2156.34</ele>
      </trkpt>
      <trkpt lat="50.51889" lon="-114.78335">
        <ele>2156.99</ele>
      </trkpt>
      <trkpt lat="50.51886" lon="-114.7834">
        <ele>2158.09</ele>
      </trkpt>
      <trkpt lat="50.51885" lon="-114.78346">
        <ele>2158.41</ele>
      </trkpt>
      <trkpt lat="50.5188" lon="-114.7835">
        <ele>2160.14</ele>
      </trkpt>
      <trkpt lat="50.51879" lon="-114.78358">
        <ele>2160.28</ele>
      </trkpt>
      <trkpt lat="50.51878" lon="-114.78366">
        <ele>2160.67</ele>
      </trkpt>
      <trkpt lat="50.51877" lon="-114.78374">
        <ele>2161.18</ele>
      </trkpt>
      <trkpt lat="50.51876" lon="-114.78383">
        <ele>2161.66</ele>
      </trkpt>
      <trkpt lat="50.51875" lon="-114.78391">
        <ele>2162.04</ele>
      </trkpt>
      <trkpt lat="50.51876" lon="-114.78399">
        <ele>2161.98</ele>
      </trkpt>
      <trkpt lat="50.51875" lon="-114.78407">
        <ele>2162.33</ele>
      </trkpt>
      <trkpt lat="50.51875" lon="-114.78416">
        <ele>2162.49</ele>
      </trkpt>
      <trkpt lat="50.51871" lon="-114.78424">
        <ele>2162.86</ele>
      </trkpt>
      <trkpt lat="50.51871" lon="-114.78432">
        <ele>2162.47</ele>
      </trkpt>
      <trkpt lat="50.51868" lon="-114.7844">
        <ele>2162.71</ele>
      </trkpt>
      <trkpt lat="50.51866" lon="-114.78448">
        <ele>2161.89</ele>
      </trkpt>
      <trkpt lat="50.51865" lon="-114.78456">
        <ele>2159.58</ele>
      </trkpt>
      <trkpt lat="50.51862" lon="-114.78463">
        <ele>2157.34</ele>
      </trkpt>
      <trkpt lat="50.51857" lon="-114.78467">
        <ele>2158.4</ele>
      </trkpt>
      <trkpt lat="50.51853" lon="-114.78472">
        <ele>2159.04</ele>
      </trkpt>
      <trkpt lat="50.51849" lon="-114.78477">
        <ele>2161.24</ele>
      </trkpt>
      <trkpt lat="50.51847" lon="-114.78485">
        <ele>2162.18</ele>
      </trkpt>
      <trkpt lat="50.51845" lon="-114.78493">
        <ele>2163.11</ele>
      </trkpt>
      <trkpt lat="50.51844" lon="-114.78501">
        <ele>2163.49</ele>
      </trkpt>
      <trkpt lat="50.51841" lon="-114.78509">
        <ele>2164.94</ele>
      </trkpt>
      <trkpt lat="50.51836" lon="-114.78513">
        <ele>2166.66</ele>
      </trkpt>
      <trkpt lat="50.51832" lon="-114.78518">
        <ele>2167.82</ele>
      </trkpt>
      <trkpt lat="50.51831" lon="-114.78525">
        <ele>2167.35</ele>
      </trkpt>
      <trkpt lat="50.51829" lon="-114.78532">
        <ele>2169.18</ele>
      </trkpt>
      <trkpt lat="50.51826" lon="-114.78537">
        <ele>2172.19</ele>
      </trkpt>
      <trkpt lat="50.51821" lon="-114.78538">
        <ele>2175.83</ele>
      </trkpt>
      <trkpt lat="50.51816" lon="-114.7854">
        <ele>2179.45</ele>
      </trkpt>
      <trkpt lat="50.51811" lon="-114.78541">
        <ele>2182.87</ele>
      </trkpt>
      <trkpt lat="50.5181" lon="-114.78541">
        <ele>2183.54</ele>
      </trkpt>
      <trkpt lat="50.51805" lon="-114.78543">
        <ele>2186.99</ele>
      </trkpt>
      <trkpt lat="50.51799" lon="-114.78544">
        <ele>2192.67</ele>
      </trkpt>
      <trkpt lat="50.51795" lon="-114.78549">
        <ele>2195.89</ele>
      </trkpt>
      <trkpt lat="50.51792" lon="-114.78557">
        <ele>2197.33</ele>
      </trkpt>
      <trkpt lat="50.51791" lon="-114.78565">
        <ele>2195.95</ele>
      </trkpt>
      <trkpt lat="50.51789" lon="-114.78573">
        <ele>2195.05</ele>
      </trkpt>
      <trkpt lat="50.51788" lon="-114.78581">
        <ele>2193.21</ele>
      </trkpt>
      <trkpt lat="50.51784" lon="-114.78589">
        <ele>2192.22</ele>
      </trkpt>
      <trkpt lat="50.5178" lon="-114.78593">
        <ele>2192.42</ele>
      </trkpt>
      <trkpt lat="50.51776" lon="-114.78599">
        <ele>2191.45</ele>
      </trkpt>
      <trkpt lat="50.51772" lon="-114.78604">
        <ele>2191.03</ele>
      </trkpt>
      <trkpt lat="50.51768" lon="-114.7861">
        <ele>2190.39</ele>
      </trkpt>
      <trkpt lat="50.51764" lon="-114.78618">
        <ele>2191.06</ele>
      </trkpt>
      <trkpt lat="50.5176" lon="-114.78624">
        <ele>2193.18</ele>
      </trkpt>
      <trkpt lat="50.51757" lon="-114.78631">
        <ele>2195.27</ele>
      </trkpt>
      <trkpt lat="50.51752" lon="-114.78634">
        <ele>2199.69</ele>
      </trkpt>
      <trkpt lat="50.51747" lon="-114.78638">
        <ele>2202.79</ele>
      </trkpt>
      <trkpt lat="50.51742" lon="-114.7864">
        <ele>2204.24</ele>
      </trkpt>
      <trkpt lat="50.51738" lon="-114.78647">
        <ele>2205.0</ele>
      </trkpt>
      <trkpt lat="50.51734" lon="-114.78653">
        <ele>2205.88</ele>
      </trkpt>
      <trkpt lat="50.51731" lon="-114.78661">
        <ele>2206.42</ele>
      </trkpt>
      <trkpt lat="50.51727" lon="-114.78669">
        <ele>2206.97</ele>
      </trkpt>
      <trkpt lat="50.51724" lon="-114.78676">
        <ele>2206.66</ele>
      </trkpt>
      <trkpt lat="50.5172" lon="-114.78682">
        <ele>2207.24</ele>
      </trkpt>
      <trkpt lat="50.51716" lon="-114.78688">
        <ele>2208.02</ele>
      </trkpt>
      <trkpt lat="50.51712" lon="-114.78694">
        <ele>2208.86</ele>
      </trkpt>
      <trkpt lat="50.51708" lon="-114.78699">
        <ele>2208.76</ele>
      </trkpt>
      <trkpt lat="50.51704" lon="-114.78705">
        <ele>2207.86</ele>
      </trkpt>
      <trkpt lat="50.517" lon="-114.78713">
        <ele>2205.72</ele>
      </trkpt>
      <trkpt lat="50.51697" lon="-114.7872">
        <ele>2203.35</ele>
      </trkpt>
      <trkpt lat="50.51694" lon="-114.78728">
        <ele>2201.42</ele>
      </trkpt>
      <trkpt lat="50.5169" lon="-114.78736">
        <ele>2199.52</ele>
      </trkpt>
      <trkpt lat="50.51688" lon="-114.78744">
        <ele>2196.9</ele>
      </trkpt>
      <trkpt lat="50.51686" lon="-114.78752">
        <ele>2194.41</ele>
      </trkpt>
      <trkpt lat="50.51683" lon="-114.78759">
        <ele>2193.29</ele>
      </trkpt>
      <trkpt lat="50.51681" lon="-114.78767">
        <ele>2192.07</ele>
      </trkpt>
      <trkpt lat="50.51679" lon="-114.78775">
        <ele>2190.84</ele>
      </trkpt>
      <trkpt lat="50.51676" lon="-114.78783">
        <ele>2188.71</ele>
      </trkpt>
      <trkpt lat="50.51672" lon="-114.7879">
        <ele>2186.32</ele>
      </trkpt>
      <trkpt lat="50.5167" lon="-114.78798">
        <ele>2183.66</ele>
      </trkpt>
      <trkpt lat="50.51672" lon="-114.78807">
        <ele>2180.98</ele>
      </trkpt>
      <trkpt lat="50.51672" lon="-114.78816">
        <ele>2178.45</ele>
      </trkpt>
      <trkpt lat="50.51672" lon="-114.78824">
        <ele>2176.2</ele>
      </trkpt>
      <trkpt lat="50.51672" lon="-114.78832">
        <ele>2173.95</ele>
      </trkpt>
      <trkpt lat="50.51672" lon="-114.78841">
        <ele>2171.8</ele>
      </trkpt>
      <trkpt lat="50.51674" lon="-114.7885">
        <ele>2170.07</ele>
      </trkpt>
      <trkpt lat="50.51675" lon="-114.78858">
        <ele>2168.48</ele>
      </trkpt>
      <trkpt lat="50.51677" lon="-114.78867">
        <ele>2167.67</ele>
      </trkpt>
      <trkpt lat="50.51676" lon="-114.78875">
        <ele>2166.68</ele>
      </trkpt>
      <trkpt lat="50.51675" lon="-114.78883">
        <ele>2165.67</ele>
      </trkpt>
      <trkpt lat="50.51674" lon="-114.78892">
        <ele>2164.68</ele>
      </trkpt>
      <trkpt lat="50.51673" lon="-114.789">
        <ele>2164.01</ele>
      </trkpt>
      <trkpt lat="50.51673" lon="-114.78908">
        <ele>2163.59</ele>
      </trkpt>
      <trkpt lat="50.51672" lon="-114.78916">
        <ele>2162.99</ele>
      </trkpt>
      <trkpt lat="50.51673" lon="-114.78925">
        <ele>2161.64</ele>
      </trkpt>
      <trkpt lat="50.51676" lon="-114.78934">
        <ele>2160.56</ele>
      </trkpt>
      <trkpt lat="50.5168" lon="-114.7894">
        <ele>2160.2</ele>
      </trkpt>
      <trkpt lat="50.51684" lon="-114.78947">
        <ele>2159.71</ele>
      </trkpt>
      <trkpt lat="50.51687" lon="-114.78955">
        <ele>2159.11</ele>
      </trkpt>
      <trkpt lat="50.51691" lon="-114.78962">
        <ele>2159.17</ele>
      </trkpt>
      <trkpt lat="50.51693" lon="-114.78971">
        <ele>2158.67</ele>
      </trkpt>
      <trkpt lat="50.51696" lon="-114.7898">
        <ele>2156.89</ele>
      </trkpt>
      <trkpt lat="50.51699" lon="-114.78989">
        <ele>2154.61</ele>
      </trkpt>
      <trkpt lat="50.517" lon="-114.78998">
        <ele>2152.63</ele>
      </trkpt>
      <trkpt lat="50.51698" lon="-114.79006">
        <ele>2151.75</ele>
      </trkpt>
      <trkpt lat="50.51695" lon="-114.79014">
        <ele>2151.03</ele>
      </trkpt>
      <trkpt lat="50.5169" lon="-114.79018">
        <ele>2149.68</ele>
      </trkpt>
      <trkpt lat="50.51686" lon="-114.79023">
        <ele>2148.61</ele>
      </trkpt>
      <trkpt lat="50.51682" lon="-114.79027">
        <ele>2147.77</ele>
      </trkpt>
      <trkpt lat="50.51677" lon="-114.79031">
        <ele>2146.76</ele>
      </trkpt>
      <trkpt lat="50.51673" lon="-114.79037">
        <ele>2145.7</ele>
      </trkpt>
      <trkpt lat="50.51668" lon="-114.79041">
        <ele>2144.36</ele>
      </trkpt>
      <trkpt lat="50.51664" lon="-114.79045">
        <ele>2142.09</ele>
      </trkpt>
      <trkpt lat="50.51659" lon="-114.79049">
        <ele>2139.02</ele>
      </trkpt>
      <trkpt lat="50.51655" lon="-114.79053">
        <ele>2136.96</ele>
      </trkpt>
      <trkpt lat="50.5165" lon="-114.79057">
        <ele>2134.89</ele>
      </trkpt>
      <trkpt lat="50.51646" lon="-114.79061">
        <ele>2133.71</ele>
      </trkpt>
      <trkpt lat="50.51641" lon="-114.79067">
        <ele>2132.5</ele>
      </trkpt>
      <trkpt lat="50.51636" lon="-114.79068">
        <ele>2130.36</ele>
      </trkpt>
      <trkpt lat="50.5163" lon="-114.79066">
        <ele>2127.25</ele>
      </trkpt>
      <trkpt lat="50.51624" lon="-114.79063">
        <ele>2124.14</ele>
      </trkpt>
      <trkpt lat="50.51619" lon="-114.7906">
        <ele>2121.63</ele>
      </trkpt>
      <trkpt lat="50.51613" lon="-114.79058">
        <ele>2118.95</ele>
      </trkpt>
      <trkpt lat="50.51608" lon="-114.79053">
        <ele>2116.42</ele>
      </trkpt>
      <trkpt lat="50.51603" lon="-114.7905">
        <ele>2114.08</ele>
      </trkpt>
      <trkpt lat="50.516" lon="-114.79041">
        <ele>2111.38</ele>
      </trkpt>
      <trkpt lat="50.51596" lon="-114.79035">
        <ele>2108.86</ele>
      </trkpt>
      <trkpt lat="50.51592" lon="-114.79028">
        <ele>2106.16</ele>
      </trkpt>
      <trkpt lat="50.51589" lon="-114.7902">
        <ele>2104.03</ele>
      </trkpt>
      <trkpt lat="50.51585" lon="-114.79013">
        <ele>2101.54</ele>
      </trkpt>
      <trkpt lat="50.51581" lon="-114.79007">
        <ele>2098.18</ele>
      </trkpt>
      <trkpt lat="50.51578" lon="-114.78998">
        <ele>2094.67</ele>
      </trkpt>
      <trkpt lat="50.51573" lon="-114.78995">
        <ele>2090.54</ele>
      </trkpt>
      <trkpt lat="50.51568" lon="-114.78989">
        <ele>2086.22</ele>
      </trkpt>
      <trkpt lat="50.51564" lon="-114.78985">
        <ele>2082.57</ele>
      </trkpt>
      <trkpt lat="50.51559" lon="-114.78979">
        <ele>2077.71</ele>
      </trkpt>
      <trkpt lat="50.51556" lon="-114.78971">
        <ele>2074.61</ele>
      </trkpt>
      <trkpt lat="50.51552" lon="-114.78965">
        <ele>2072.51</ele>
      </trkpt>
      <trkpt lat="50.51548" lon="-114.78959">
        <ele>2070.59</ele>
      </trkpt>
      <trkpt lat="50.51544" lon="-114.78953">
        <ele>2068.74</ele>
      </trkpt>
      <trkpt lat="50.51539" lon="-114.78948">
        <ele>2066.09</ele>
      </trkpt>
      <trkpt lat="50.51534" lon="-114.78947">
        <ele>2062.82</ele>
      </trkpt>
      <trkpt lat="50.51531" lon="-114.7895">
        <ele>2060.23</ele>
      </trkpt>
      <trkpt lat="50.51527" lon="-114.78955">
        <ele>2056.86</ele>
      </trkpt>
      <trkpt lat="50.51524" lon="-114.78951">
        <ele>2056.78</ele>
      </trkpt>
      <trkpt lat="50.5152" lon="-114.78945">
        <ele>2057.18</ele>
      </trkpt>
      <trkpt lat="50.51516" lon="-114.78937">
        <ele>2060.4</ele>
      </trkpt>
      <trkpt lat="50.51512" lon="-114.78931">
        <ele>2062.51</ele>
      </trkpt>
      <trkpt lat="50.51508" lon="-114.78924">
        <ele>2064.93</ele>
      </trkpt>
      <trkpt lat="50.51504" lon="-114.78923">
        <ele>2064.23</ele>
      </trkpt>
      <trkpt lat="50.515" lon="-114.78928">
        <ele>2060.7</ele>
      </trkpt>
      <trkpt lat="50.51498" lon="-114.78935">
        <ele>2056.91</ele>
      </trkpt>
      <trkpt lat="50.51497" lon="-114.78942">
        <ele>2053.47</ele>
      </trkpt>
      <trkpt lat="50.51493" lon="-114.78944">
        <ele>2051.68</ele>
      </trkpt>
      <trkpt lat="50.51487" lon="-114.7894">
        <ele>2052.05</ele>
      </trkpt>
      <trkpt lat="50.51484" lon="-114.78933">
        <ele>2054.19</ele>
      </trkpt>
      <trkpt lat="50.51479" lon="-114.78927">
        <ele>2055.2</ele>
      </trkpt>
      <trkpt lat="50.51476" lon="-114.7892">
        <ele>2056.98</ele>
      </trkpt>
      <trkpt lat="50.51473" lon="-114.78912">
        <ele>2059.43</ele>
      </trkpt>
      <trkpt lat="50.51469" lon="-114.78905">
        <ele>2062.44</ele>
      </trkpt>
      <trkpt lat="50.51466" lon="-114.78896">
        <ele>2065.9</ele>
      </trkpt>
      <trkpt lat="50.51463" lon="-114.78887">
        <ele>2068.78</ele>
      </trkpt>
      <trkpt lat="50.5146" lon="-114.78879">
        <ele>2071.2</ele>
      </trkpt>
      <trkpt lat="50.51457" lon="-114.78871">
        <ele>2073.32</ele>
      </trkpt>
      <trkpt lat="50.51452" lon="-114.78866">
        <ele>2073.34</ele>
      </trkpt>
      <trkpt lat="50.51448" lon="-114.7886">
        <ele>2073.74</ele>
      </trkpt>
      <trkpt lat="50.51442" lon="-114.78859">
        <ele>2072.22</ele>
      </trkpt>
      <trkpt lat="50.51436" lon="-114.78856">
        <ele>2071.92</ele>
      </trkpt>
      <trkpt lat="50.51431" lon="-114.78853">
        <ele>2071.55</ele>
      </trkpt>
      <trkpt lat="50.51425" lon="-114.78851">
        <ele>2070.58</ele>
      </trkpt>
      <trkpt lat="50.5142" lon="-114.78845">
        <ele>2070.06</ele>
      </trkpt>
      <trkpt lat="50.51415" lon="-114.78841">
        <ele>2068.87</ele>
      </trkpt>
      <trkpt lat="50.51411" lon="-114.78835">
        <ele>2068.17</ele>
      </trkpt>
      <trkpt lat="50.51405" lon="-114.78834">
        <ele>2066.53</ele>
      </trkpt>
      <trkpt lat="50.51399" lon="-114.78831">
        <ele>2065.82</ele>
      </trkpt>
      <trkpt lat="50.51393" lon="-114.78829">
        <ele>2064.7</ele>
      </trkpt>
      <trkpt lat="50.51387" lon="-114.78828">
        <ele>2063.62</ele>
      </trkpt>
      <trkpt lat="50.51381" lon="-114.78827">
        <ele>2063.61</ele>
      </trkpt>
      <trkpt lat="50.51374" lon="-114.78825">
        <ele>2063.95</ele>
      </trkpt>
      <trkpt lat="50.51368" lon="-114.78824">
        <ele>2064.03</ele>
      </trkpt>
      <trkpt lat="50.51363" lon="-114.78824">
        <ele>2063.79</ele>
      </trkpt>
      <trkpt lat="50.51357" lon="-114.78825">
        <ele>2063.29</ele>
      </trkpt>
      <trkpt lat="50.51351" lon="-114.78825">
        <ele>2063.26</ele>
      </trkpt>
      <trkpt lat="50.51345" lon="-114.78826">
        <ele>2062.78</ele>
      </trkpt>
      <trkpt lat="50.5134" lon="-114.78828">
        <ele>2061.79</ele>
      </trkpt>
      <trkpt lat="50.51334" lon="-114.78827">
        <ele>2062.2</ele>
      </trkpt>
      <trkpt lat="50.5133" lon="-114.7883">
        <ele>2060.65</ele>
      </trkpt>
      <trkpt lat="50.51324" lon="-114.78833">
        <ele>2059.16</ele>
      </trkpt>
      <trkpt lat="50.5132" lon="-114.78837">
        <ele>2056.75</ele>
      </trkpt>
      <trkpt lat="50.51315" lon="-114.78839">
        <ele>2055.6</ele>
      </trkpt>
      <trkpt lat="50.5131" lon="-114.78843">
        <ele>2053.32</ele>
      </trkpt>
      <trkpt lat="50.51305" lon="-114.78845">
        <ele>2052.24</ele>
      </trkpt>
      <trkpt lat="50.513" lon="-114.78849">
        <ele>2049.74</ele>
      </trkpt>
      <trkpt lat="50.51294" lon="-114.78848">
        <ele>2049.99</ele>
      </trkpt>
      <trkpt lat="50.51289" lon="-114.7885">
        <ele>2048.8</ele>
      </trkpt>
      <trkpt lat="50.51283" lon="-114.7885">
        <ele>2048.59</ele>
      </trkpt>
      <trkpt lat="50.51278" lon="-114.78851">
        <ele>2048.01</ele>
      </trkpt>
      <trkpt lat="50.51273" lon="-114.78853">
        <ele>2046.32</ele>
      </trkpt>
      <trkpt lat="50.51266" lon="-114.78852">
        <ele>2045.36</ele>
      </trkpt>
      <trkpt lat="50.51261" lon="-114.78847">
        <ele>2045.94</ele>
      </trkpt>
      <trkpt lat="50.51256" lon="-114.78844">
        <ele>2045.71</ele>
      </trkpt>
      <trkpt lat="50.51251" lon="-114.7884">
        <ele>2045.57</ele>
      </trkpt>
      <trkpt lat="50.51245" lon="-114.78838">
        <ele>2044.74</ele>
      </trkpt>
      <trkpt lat="50.5124" lon="-114.78841">
        <ele>2042.67</ele>
      </trkpt>
      <trkpt lat="50.51234" lon="-114.78841">
        <ele>2041.23</ele>
      </trkpt>
      <trkpt lat="50.51228" lon="-114.78842">
        <ele>2039.37</ele>
      </trkpt>
      <trkpt lat="50.51223" lon="-114.78844">
        <ele>2037.21</ele>
      </trkpt>
      <trkpt lat="50.51217" lon="-114.78843">
        <ele>2035.11</ele>
      </trkpt>
      <trkpt lat="50.51213" lon="-114.7885">
        <ele>2030.35</ele>
      </trkpt>
      <trkpt lat="50.51209" lon="-114.78854">
        <ele>2027.08</ele>
      </trkpt>
      <trkpt lat="50.51205" lon="-114.78861">
        <ele>2022.84</ele>
      </trkpt>
      <trkpt lat="50.512" lon="-114.78864">
        <ele>2020.36</ele>
      </trkpt>
      <trkpt lat="50.51196" lon="-114.78868">
        <ele>2018.06</ele>
      </trkpt>
      <trkpt lat="50.51191" lon="-114.7887">
        <ele>2015.79</ele>
      </trkpt>
      <trkpt lat="50.51186" lon="-114.78874">
        <ele>2013.27</ele>
      </trkpt>
      <trkpt lat="50.5118" lon="-114.78873">
        <ele>2011.3</ele>
      </trkpt>
      <trkpt lat="50.51174" lon="-114.78873">
        <ele>2009.18</ele>
      </trkpt>
      <trkpt lat="50.51168" lon="-114.78872">
        <ele>2007.09</ele>
      </trkpt>
      <trkpt lat="50.51162" lon="-114.78872">
        <ele>2005.67</ele>
      </trkpt>
      <trkpt lat="50.51156" lon="-114.78871">
        <ele>2004.48</ele>
      </trkpt>
      <trkpt lat="50.51151" lon="-114.78875">
        <ele>2003.4</ele>
      </trkpt>
      <trkpt lat="50.51147" lon="-114.78879">
        <ele>2002.56</ele>
      </trkpt>
      <trkpt lat="50.51142" lon="-114.78883">
        <ele>2001.58</ele>
      </trkpt>
      <trkpt lat="50.51138" lon="-114.78887">
        <ele>2000.72</ele>
      </trkpt>
      <trkpt lat="50.51133" lon="-114.78891">
        <ele>1999.22</ele>
      </trkpt>
      <trkpt lat="50.51128" lon="-114.78895">
        <ele>1997.95</ele>
      </trkpt>
      <trkpt lat="50.51123" lon="-114.78898">
        <ele>1996.74</ele>
      </trkpt>
      <trkpt lat="50.5112" lon="-114.78905">
        <ele>1996.64</ele>
      </trkpt>
      <trkpt lat="50.51115" lon="-114.78909">
        <ele>1995.85</ele>
      </trkpt>
      <trkpt lat="50.51111" lon="-114.78915">
        <ele>1995.73</ele>
      </trkpt>
      <trkpt lat="50.51107" lon="-114.7892">
        <ele>1995.04</ele>
      </trkpt>
      <trkpt lat="50.51103" lon="-114.78926">
        <ele>1994.24</ele>
      </trkpt>
      <trkpt lat="50.51099" lon="-114.78932">
        <ele>1993.38</ele>
      </trkpt>
      <trkpt lat="50.51096" lon="-114.7894">
        <ele>1992.87</ele>
      </trkpt>
      <trkpt lat="50.51092" lon="-114.78947">
        <ele>1992.05</ele>
      </trkpt>
      <trkpt lat="50.51089" lon="-114.78955">
        <ele>1991.75</ele>
      </trkpt>
      <trkpt lat="50.51085" lon="-114.78963">
        <ele>1990.96</ele>
      </trkpt>
      <trkpt lat="50.51082" lon="-114.7897">
        <ele>1990.22</ele>
      </trkpt>
      <trkpt lat="50.51078" lon="-114.78975">
        <ele>1988.9</ele>
      </trkpt>
      <trkpt lat="50.51072" lon="-114.78976">
        <ele>1986.24</ele>
      </trkpt>
      <trkpt lat="50.51067" lon="-114.78979">
        <ele>1984.33</ele>
      </trkpt>
      <trkpt lat="50.51062" lon="-114.78981">
        <ele>1982.28</ele>
      </trkpt>
      <trkpt lat="50.51057" lon="-114.78983">
        <ele>1980.23</ele>
      </trkpt>
      <trkpt lat="50.51053" lon="-114.78989">
        <ele>1980.18</ele>
      </trkpt>
      <trkpt lat="50.51051" lon="-114.78997">
        <ele>1981.09</ele>
      </trkpt>
      <trkpt lat="50.51051" lon="-114.79005">
        <ele>1981.69</ele>
      </trkpt>
      <trkpt lat="50.5105" lon="-114.79013">
        <ele>1981.87</ele>
      </trkpt>
      <trkpt lat="50.5105" lon="-114.79022">
        <ele>1982.19</ele>
      </trkpt>
      <trkpt lat="50.51049" lon="-114.7903">
        <ele>1982.66</ele>
      </trkpt>
      <trkpt lat="50.51049" lon="-114.79038">
        <ele>1983.98</ele>
      </trkpt>
      <trkpt lat="50.51047" lon="-114.79046">
        <ele>1984.8</ele>
      </trkpt>
      <trkpt lat="50.51043" lon="-114.79052">
        <ele>1984.51</ele>
      </trkpt>
      <trkpt lat="50.51039" lon="-114.79056">
        <ele>1983.69</ele>
      </trkpt>
      <trkpt lat="50.51035" lon="-114.79062">
        <ele>1983.05</ele>
      </trkpt>
      <trkpt lat="50.51031" lon="-114.79068">
        <ele>1982.15</ele>
      </trkpt>
      <trkpt lat="50.51027" lon="-114.79075">
        <ele>1981.52</ele>
      </trkpt>
      <trkpt lat="50.51024" lon="-114.79083">
        <ele>1982.39</ele>
      </trkpt>
      <trkpt lat="50.5102" lon="-114.79091">
        <ele>1983.51</ele>
      </trkpt>
      <trkpt lat="50.51016" lon="-114.79096">
        <ele>1984.25</ele>
      </trkpt>
      <trkpt lat="50.51011" lon="-114.79097">
        <ele>1984.69</ele>
      </trkpt>
      <trkpt lat="50.51005" lon="-114.79098">
        <ele>1985.18</ele>
      </trkpt>
      <trkpt lat="50.51001" lon="-114.79105">
        <ele>1985.73</ele>
      </trkpt>
      <trkpt lat="50.50997" lon="-114.79109">
        <ele>1986.38</ele>
      </trkpt>
      <trkpt lat="50.50993" lon="-114.79115">
        <ele>1986.9</ele>
      </trkpt>
      <trkpt lat="50.50988" lon="-114.79119">
        <ele>1987.36</ele>
      </trkpt>
      <trkpt lat="50.50987" lon="-114.79127">
        <ele>1987.07</ele>
      </trkpt>
      <trkpt lat="50.50984" lon="-114.79131">
        <ele>1987.07</ele>
      </trkpt>
      <trkpt lat="50.50983" lon="-114.79139">
        <ele>1986.61</ele>
      </trkpt>
      <trkpt lat="50.50979" lon="-114.79144">
        <ele>1986.7</ele>
      </trkpt>
      <trkpt lat="50.50974" lon="-114.79148">
        <ele>1986.43</ele>
      </trkpt>
      <trkpt lat="50.50969" lon="-114.7915">
        <ele>1987.08</ele>
      </trkpt>
      <trkpt lat="50.50964" lon="-114.79154">
        <ele>1987.91</ele>
      </trkpt>
      <trkpt lat="50.50959" lon="-114.79155">
        <ele>1988.94</ele>
      </trkpt>
      <trkpt lat="50.50955" lon="-114.79162">
        <ele>1988.44</ele>
      </trkpt>
      <trkpt lat="50.50951" lon="-114.79166">
        <ele>1988.21</ele>
      </trkpt>
      <trkpt lat="50.50947" lon="-114.79173">
        <ele>1987.74</ele>
      </trkpt>
      <trkpt lat="50.50941" lon="-114.79174">
        <ele>1987.14</ele>
      </trkpt>
      <trkpt lat="50.50936" lon="-114.79176">
        <ele>1985.73</ele>
      </trkpt>
      <trkpt lat="50.50931" lon="-114.79178">
        <ele>1984.37</ele>
      </trkpt>
      <trkpt lat="50.50926" lon="-114.79181">
        <ele>1982.97</ele>
      </trkpt>
      <trkpt lat="50.50921" lon="-114.79185">
        <ele>1981.57</ele>
      </trkpt>
      <trkpt lat="50.50916" lon="-114.79187">
        <ele>1980.34</ele>
      </trkpt>
      <trkpt lat="50.50912" lon="-114.79191">
        <ele>1978.99</ele>
      </trkpt>
      <trkpt lat="50.50907" lon="-114.79193">
        <ele>1977.6</ele>
      </trkpt>
      <trkpt lat="50.50902" lon="-114.79197">
        <ele>1976.36</ele>
      </trkpt>
      <trkpt lat="50.50897" lon="-114.79201">
        <ele>1975.41</ele>
      </trkpt>
      <trkpt lat="50.50893" lon="-114.79205">
        <ele>1974.89</ele>
      </trkpt>
      <trkpt lat="50.50888" lon="-114.79209">
        <ele>1974.3</ele>
      </trkpt>
      <trkpt lat="50.50884" lon="-114.79213">
        <ele>1973.66</ele>
      </trkpt>
      <trkpt lat="50.50879" lon="-114.79215">
        <ele>1972.62</ele>
      </trkpt>
      <trkpt lat="50.50873" lon="-114.79218">
        <ele>1971.68</ele>
      </trkpt>
      <trkpt lat="50.50869" lon="-114.79222">
        <ele>1971.65</ele>
      </trkpt>
      <trkpt lat="50.50864" lon="-114.79224">
        <ele>1971.14</ele>
      </trkpt>
      <trkpt lat="50.50859" lon="-114.79228">
        <ele>1970.6</ele>
      </trkpt>
      <trkpt lat="50.50855" lon="-114.79234">
        <ele>1970.17</ele>
      </trkpt>
      <trkpt lat="50.50851" lon="-114.79238">
        <ele>1969.13</ele>
      </trkpt>
      <trkpt lat="50.50846" lon="-114.79242">
        <ele>1967.55</ele>
      </trkpt>
      <trkpt lat="50.50842" lon="-114.79247">
        <ele>1966.95</ele>
      </trkpt>
      <trkpt lat="50.50837" lon="-114.79251">
        <ele>1965.24</ele>
      </trkpt>
      <trkpt lat="50.50833" lon="-114.79255">
        <ele>1963.56</ele>
      </trkpt>
      <trkpt lat="50.50829" lon="-114.79261">
        <ele>1962.52</ele>
      </trkpt>
      <trkpt lat="50.50825" lon="-114.79267">
        <ele>1961.62</ele>
      </trkpt>
      <trkpt lat="50.50821" lon="-114.79273">
        <ele>1960.83</ele>
      </trkpt>
      <trkpt lat="50.50817" lon="-114.79281">
        <ele>1960.2</ele>
      </trkpt>
      <trkpt lat="50.50813" lon="-114.79286">
        <ele>1958.95</ele>
      </trkpt>
      <trkpt lat="50.50808" lon="-114.79287">
        <ele>1956.99</ele>
      </trkpt>
      <trkpt lat="50.50803" lon="-114.79289">
        <ele>1955.24</ele>
      </trkpt>
      <trkpt lat="50.50797" lon="-114.79291">
        <ele>1953.07</ele>
      </trkpt>
      <trkpt lat="50.50792" lon="-114.79293">
        <ele>1951.18</ele>
      </trkpt>
      <trkpt lat="50.50788" lon="-114.79297">
        <ele>1949.64</ele>
      </trkpt>
      <trkpt lat="50.50783" lon="-114.793">
        <ele>1947.49</ele>
      </trkpt>
      <trkpt lat="50.50778" lon="-114.79304">
        <ele>1945.16</ele>
      </trkpt>
      <trkpt lat="50.50773" lon="-114.79306">
        <ele>1943.75</ele>
      </trkpt>
      <trkpt lat="50.50769" lon="-114.79314">
        <ele>1942.05</ele>
      </trkpt>
      <trkpt lat="50.50765" lon="-114.79318">
        <ele>1941.02</ele>
      </trkpt>
      <trkpt lat="50.50761" lon="-114.79325">
        <ele>1940.09</ele>
      </trkpt>
      <trkpt lat="50.50756" lon="-114.79327">
        <ele>1939.45</ele>
      </trkpt>
      <trkpt lat="50.50752" lon="-114.79331">
        <ele>1939.09</ele>
      </trkpt>
      <trkpt lat="50.50747" lon="-114.79334">
        <ele>1938.47</ele>
      </trkpt>
      <trkpt lat="50.50743" lon="-114.79341">
        <ele>1937.88</ele>
      </trkpt>
      <trkpt lat="50.50739" lon="-114.79347">
        <ele>1937.41</ele>
      </trkpt>
      <trkpt lat="50.50736" lon="-114.79355">
        <ele>1937.27</ele>
      </trkpt>
      <trkpt lat="50.50732" lon="-114.79361">
        <ele>1937.05</ele>
      </trkpt>
      <trkpt lat="50.50728" lon="-114.79368">
        <ele>1937.51</ele>
      </trkpt>
      <trkpt lat="50.50723" lon="-114.7937">
        <ele>1937.35</ele>
      </trkpt>
      <trkpt lat="50.50718" lon="-114.79374">
        <ele>1939.15</ele>
      </trkpt>
      <trkpt lat="50.50713" lon="-114.79377">
        <ele>1941.09</ele>
      </trkpt>
      <trkpt lat="50.5071" lon="-114.79384">
        <ele>1942.89</ele>
      </trkpt>
      <trkpt lat="50.50706" lon="-114.7939">
        <ele>1944.88</ele>
      </trkpt>
      <trkpt lat="50.50702" lon="-114.79398">
        <ele>1947.4</ele>
      </trkpt>
      <trkpt lat="50.50698" lon="-114.79403">
        <ele>1949.2</ele>
      </trkpt>
      <trkpt lat="50.50695" lon="-114.79411">
        <ele>1951.07</ele>
      </trkpt>
      <trkpt lat="50.5069" lon="-114.79413">
        <ele>1952.12</ele>
      </trkpt>
      <trkpt lat="50.50685" lon="-114.79417">
        <ele>1953.09</ele>
      </trkpt>
      <trkpt lat="50.50681" lon="-114.79421">
        <ele>1954.24</ele>
      </trkpt>
      <trkpt lat="50.50676" lon="-114.79425">
        <ele>1955.3</ele>
      </trkpt>
      <trkpt lat="50.50672" lon="-114.79431">
        <ele>1956.37</ele>
      </trkpt>
      <trkpt lat="50.50666" lon="-114.7943">
        <ele>1956.44</ele>
      </trkpt>
      <trkpt lat="50.50661" lon="-114.79432">
        <ele>1956.63</ele>
      </trkpt>
      <trkpt lat="50.50655" lon="-114.79432">
        <ele>1956.61</ele>
      </trkpt>
      <trkpt lat="50.50649" lon="-114.79433">
        <ele>1956.65</ele>
      </trkpt>
      <trkpt lat="50.50644" lon="-114.79433">
        <ele>1956.62</ele>
      </trkpt>
      <trkpt lat="50.50638" lon="-114.79434">
        <ele>1956.59</ele>
      </trkpt>
      <trkpt lat="50.50632" lon="-114.79432">
        <ele>1956.36</ele>
      </trkpt>
      <trkpt lat="50.50626" lon="-114.79433">
        <ele>1956.15</ele>
      </trkpt>
      <trkpt lat="50.5062" lon="-114.79433">
        <ele>1955.95</ele>
      </trkpt>
      <trkpt lat="50.50615" lon="-114.79434">
        <ele>1955.66</ele>
      </trkpt>
      <trkpt lat="50.50609" lon="-114.79434">
        <ele>1955.09</ele>
      </trkpt>
      <trkpt lat="50.50603" lon="-114.79434">
        <ele>1953.93</ele>
      </trkpt>
      <trkpt lat="50.50598" lon="-114.79435">
        <ele>1952.97</ele>
      </trkpt>
      <trkpt lat="50.50592" lon="-114.79435">
        <ele>1951.88</ele>
      </trkpt>
      <trkpt lat="50.50586" lon="-114.79436">
        <ele>1950.93</ele>
      </trkpt>
      <trkpt lat="50.5058" lon="-114.79436">
        <ele>1949.89</ele>
      </trkpt>
      <trkpt lat="50.50575" lon="-114.79438">
        <ele>1949.43</ele>
      </trkpt>
      <trkpt lat="50.50569" lon="-114.79437">
        <ele>1948.18</ele>
      </trkpt>
      <trkpt lat="50.50565" lon="-114.79441">
        <ele>1948.49</ele>
      </trkpt>
      <trkpt lat="50.50559" lon="-114.79443">
        <ele>1948.1</ele>
      </trkpt>
      <trkpt lat="50.50555" lon="-114.79447">
        <ele>1948.42</ele>
      </trkpt>
      <trkpt lat="50.50549" lon="-114.79446">
        <ele>1946.87</ele>
      </trkpt>
      <trkpt lat="50.50543" lon="-114.79448">
        <ele>1945.82</ele>
      </trkpt>
      <trkpt lat="50.50537" lon="-114.79447">
        <ele>1944.3</ele>
      </trkpt>
      <trkpt lat="50.50533" lon="-114.79452">
        <ele>1943.88</ele>
      </trkpt>
      <trkpt lat="50.50529" lon="-114.79456">
        <ele>1943.17</ele>
      </trkpt>
      <trkpt lat="50.50525" lon="-114.79462">
        <ele>1941.51</ele>
      </trkpt>
      <trkpt lat="50.5052" lon="-114.79466">
        <ele>1938.48</ele>
      </trkpt>
      <trkpt lat="50.50517" lon="-114.79474">
        <ele>1936.34</ele>
      </trkpt>
      <trkpt lat="50.50516" lon="-114.79482">
        <ele>1934.29</ele>
      </trkpt>
      <trkpt lat="50.50513" lon="-114.7949">
        <ele>1930.61</ele>
      </trkpt>
      <trkpt lat="50.50512" lon="-114.79498">
        <ele>1928.32</ele>
      </trkpt>
      <trkpt lat="50.50512" lon="-114.79506">
        <ele>1926.39</ele>
      </trkpt>
      <trkpt lat="50.50509" lon="-114.79514">
        <ele>1922.12</ele>
      </trkpt>
      <trkpt lat="50.50508" lon="-114.79522">
        <ele>1919.52</ele>
      </trkpt>
      <trkpt lat="50.50507" lon="-114.79531">
        <ele>1917.13</ele>
      </trkpt>
      <trkpt lat="50.50506" lon="-114.79539">
        <ele>1915.56</ele>
      </trkpt>
      <trkpt lat="50.50506" lon="-114.79547">
        <ele>1914.61</ele>
      </trkpt>
      <trkpt lat="50.50508" lon="-114.79556">
        <ele>1914.39</ele>
      </trkpt>
      <trkpt lat="50.50509" lon="-114.79564">
        <ele>1913.58</ele>
      </trkpt>
      <trkpt lat="50.5051" lon="-114.79573">
        <ele>1912.53</ele>
      </trkpt>
      <trkpt lat="50.50512" lon="-114.79582">
        <ele>1911.68</ele>
      </trkpt>
      <trkpt lat="50.50513" lon="-114.79591">
        <ele>1911.08</ele>
      </trkpt>
      <trkpt lat="50.50515" lon="-114.79599">
        <ele>1910.84</ele>
      </trkpt>
      <trkpt lat="50.50518" lon="-114.79608">
        <ele>1910.57</ele>
      </trkpt>
      <trkpt lat="50.50519" lon="-114.79617">
        <ele>1910.63</ele>
      </trkpt>
      <trkpt lat="50.50521" lon="-114.79626">
        <ele>1911.32</ele>
      </trkpt>
      <trkpt lat="50.50522" lon="-114.79634">
        <ele>1911.78</ele>
      </trkpt>
      <trkpt lat="50.50522" lon="-114.79643">
        <ele>1912.85</ele>
      </trkpt>
      <trkpt lat="50.50524" lon="-114.79652">
        <ele>1915.15</ele>
      </trkpt>
      <trkpt lat="50.50522" lon="-114.7966">
        <ele>1916.52</ele>
      </trkpt>
      <trkpt lat="50.50518" lon="-114.79667">
        <ele>1917.33</ele>
      </trkpt>
      <trkpt lat="50.50515" lon="-114.79675">
        <ele>1918.82</ele>
      </trkpt>
      <trkpt lat="50.50511" lon="-114.79681">
        <ele>1919.48</ele>
      </trkpt>
      <trkpt lat="50.50507" lon="-114.79686">
        <ele>1919.79</ele>
      </trkpt>
      <trkpt lat="50.50503" lon="-114.79692">
        <ele>1920.21</ele>
      </trkpt>
      <trkpt lat="50.50498" lon="-114.79696">
        <ele>1920.41</ele>
      </trkpt>
      <trkpt lat="50.50494" lon="-114.797">
        <ele>1921.52</ele>
      </trkpt>
      <trkpt lat="50.50489" lon="-114.79704">
        <ele>1922.51</ele>
      </trkpt>
      <trkpt lat="50.50485" lon="-114.79708">
        <ele>1923.54</ele>
      </trkpt>
      <trkpt lat="50.50479" lon="-114.7971">
        <ele>1923.66</ele>
      </trkpt>
      <trkpt lat="50.50475" lon="-114.79714">
        <ele>1924.61</ele>
      </trkpt>
      <trkpt lat="50.50469" lon="-114.79713">
        <ele>1923.86</ele>
      </trkpt>
      <trkpt lat="50.50463" lon="-114.79714">
        <ele>1923.76</ele>
      </trkpt>
      <trkpt lat="50.50457" lon="-114.79712">
        <ele>1923.17</ele>
      </trkpt>
      <trkpt lat="50.5045" lon="-114.79711">
        <ele>1922.92</ele>
      </trkpt>
      <trkpt lat="50.50444" lon="-114.79709">
        <ele>1922.78</ele>
      </trkpt>
      <trkpt lat="50.50438" lon="-114.7971">
        <ele>1920.43</ele>
      </trkpt>
      <trkpt lat="50.50432" lon="-114.79709">
        <ele>1918.24</ele>
      </trkpt>
      <trkpt lat="50.50428" lon="-114.79712">
        <ele>1916.44</ele>
      </trkpt>
      <trkpt lat="50.50423" lon="-114.79715">
        <ele>1914.23</ele>
      </trkpt>
      <trkpt lat="50.50422" lon="-114.79723">
        <ele>1913.02</ele>
      </trkpt>
      <trkpt lat="50.50418" lon="-114.79727">
        <ele>1910.87</ele>
      </trkpt>
      <trkpt lat="50.50417" lon="-114.79735">
        <ele>1909.31</ele>
      </trkpt>
      <trkpt lat="50.50413" lon="-114.79739">
        <ele>1908.37</ele>
      </trkpt>
      <trkpt lat="50.50408" lon="-114.79743">
        <ele>1907.46</ele>
      </trkpt>
      <trkpt lat="50.50405" lon="-114.79751">
        <ele>1906.11</ele>
      </trkpt>
      <trkpt lat="50.50404" lon="-114.79759">
        <ele>1905.53</ele>
      </trkpt>
      <trkpt lat="50.50402" lon="-114.79767">
        <ele>1904.62</ele>
      </trkpt>
      <trkpt lat="50.50401" lon="-114.79775">
        <ele>1903.73</ele>
      </trkpt>
      <trkpt lat="50.50397" lon="-114.79783">
        <ele>1902.85</ele>
      </trkpt>
      <trkpt lat="50.50393" lon="-114.79788">
        <ele>1901.88</ele>
      </trkpt>
      <trkpt lat="50.50387" lon="-114.79789">
        <ele>1900.32</ele>
      </trkpt>
      <trkpt lat="50.50383" lon="-114.79785">
        <ele>1899.8</ele>
      </trkpt>
      <trkpt lat="50.50378" lon="-114.79781">
        <ele>1898.87</ele>
      </trkpt>
      <trkpt lat="50.50373" lon="-114.7978">
        <ele>1898.11</ele>
      </trkpt>
      <trkpt lat="50.50369" lon="-114.79785">
        <ele>1898.7</ele>
      </trkpt>
      <trkpt lat="50.50365" lon="-114.79793">
        <ele>1900.41</ele>
      </trkpt>
      <trkpt lat="50.50361" lon="-114.79798">
        <ele>1901.81</ele>
      </trkpt>
      <trkpt lat="50.50357" lon="-114.79804">
        <ele>1902.74</ele>
      </trkpt>
      <trkpt lat="50.50353" lon="-114.7981">
        <ele>1902.2</ele>
      </trkpt>
      <trkpt lat="50.50349" lon="-114.79816">
        <ele>1901.22</ele>
      </trkpt>
      <trkpt lat="50.50345" lon="-114.79822">
        <ele>1900.18</ele>
      </trkpt>
      <trkpt lat="50.50342" lon="-114.79829">
        <ele>1899.29</ele>
      </trkpt>
      <trkpt lat="50.50338" lon="-114.79837">
        <ele>1898.0</ele>
      </trkpt>
      <trkpt lat="50.50335" lon="-114.79844">
        <ele>1896.74</ele>
      </trkpt>
      <trkpt lat="50.50331" lon="-114.79852">
        <ele>1895.15</ele>
      </trkpt>
      <trkpt lat="50.50328" lon="-114.7986">
        <ele>1893.93</ele>
      </trkpt>
      <trkpt lat="50.50324" lon="-114.79867">
        <ele>1892.84</ele>
      </trkpt>
      <trkpt lat="50.50321" lon="-114.79875">
        <ele>1891.73</ele>
      </trkpt>
      <trkpt lat="50.50319" lon="-114.79883">
        <ele>1890.66</ele>
      </trkpt>
      <trkpt lat="50.50317" lon="-114.79891">
        <ele>1889.69</ele>
      </trkpt>
      <trkpt lat="50.50314" lon="-114.79899">
        <ele>1888.9</ele>
      </trkpt>
      <trkpt lat="50.50312" lon="-114.79907">
        <ele>1888.31</ele>
      </trkpt>
      <trkpt lat="50.5031" lon="-114.79914">
        <ele>1887.48</ele>
      </trkpt>
      <trkpt lat="50.50308" lon="-114.79922">
        <ele>1887.21</ele>
      </trkpt>
      <trkpt lat="50.50305" lon="-114.7993">
        <ele>1886.61</ele>
      </trkpt>
      <trkpt lat="50.50303" lon="-114.79938">
        <ele>1886.52</ele>
      </trkpt>
      <trkpt lat="50.50302" lon="-114.79946">
        <ele>1887.12</ele>
      </trkpt>
      <trkpt lat="50.50301" lon="-114.79954">
        <ele>1888.63</ele>
      </trkpt>
      <trkpt lat="50.50299" lon="-114.79962">
        <ele>1889.36</ele>
      </trkpt>
      <trkpt lat="50.50297" lon="-114.7997">
        <ele>1889.97</ele>
      </trkpt>
      <trkpt lat="50.50295" lon="-114.79978">
        <ele>1891.02</ele>
      </trkpt>
      <trkpt lat="50.50293" lon="-114.79986">
        <ele>1892.24</ele>
      </trkpt>
      <trkpt lat="50.5029" lon="-114.79994">
        <ele>1892.64</ele>
      </trkpt>
      <trkpt lat="50.50288" lon="-114.80002">
        <ele>1893.87</ele>
      </trkpt>
      <trkpt lat="50.50286" lon="-114.8001">
        <ele>1895.55</ele>
      </trkpt>
      <trkpt lat="50.50284" lon="-114.80018">
        <ele>1897.48</ele>
      </trkpt>
      <trkpt lat="50.50282" lon="-114.80026">
        <ele>1899.66</ele>
      </trkpt>
      <trkpt lat="50.50279" lon="-114.80033">
        <ele>1901.47</ele>
      </trkpt>
      <trkpt lat="50.50277" lon="-114.80041">
        <ele>1904.51</ele>
      </trkpt>
      <trkpt lat="50.50276" lon="-114.8005">
        <ele>1908.43</ele>
      </trkpt>
      <trkpt lat="50.50275" lon="-114.80058">
        <ele>1910.7</ele>
      </trkpt>
      <trkpt lat="50.50274" lon="-114.80066">
        <ele>1910.8</ele>
      </trkpt>
      <trkpt lat="50.50273" lon="-114.80074">
        <ele>1910.98</ele>
      </trkpt>
      <trkpt lat="50.50273" lon="-114.80082">
        <ele>1912.04</ele>
      </trkpt>
      <trkpt lat="50.5027" lon="-114.8009">
        <ele>1910.48</ele>
      </trkpt>
      <trkpt lat="50.50268" lon="-114.80098">
        <ele>1909.9</ele>
      </trkpt>
      <trkpt lat="50.50264" lon="-114.80106">
        <ele>1908.33</ele>
      </trkpt>
      <trkpt lat="50.50261" lon="-114.80113">
        <ele>1907.6</ele>
      </trkpt>
      <trkpt lat="50.50257" lon="-114.80119">
        <ele>1906.24</ele>
      </trkpt>
      <trkpt lat="50.50253" lon="-114.80125">
        <ele>1905.07</ele>
      </trkpt>
      <trkpt lat="50.50249" lon="-114.80131">
        <ele>1904.15</ele>
      </trkpt>
      <trkpt lat="50.50244" lon="-114.80135">
        <ele>1903.05</ele>
      </trkpt>
      <trkpt lat="50.5024" lon="-114.80139">
        <ele>1902.78</ele>
      </trkpt>
      <trkpt lat="50.50236" lon="-114.80145">
        <ele>1902.9</ele>
      </trkpt>
      <trkpt lat="50.50232" lon="-114.8015">
        <ele>1903.3</ele>
      </trkpt>
      <trkpt lat="50.50228" lon="-114.80156">
        <ele>1904.49</ele>
      </trkpt>
      <trkpt lat="50.50224" lon="-114.80164">
        <ele>1907.0</ele>
      </trkpt>
      <trkpt lat="50.50221" lon="-114.80171">
        <ele>1906.75</ele>
      </trkpt>
      <trkpt lat="50.50217" lon="-114.80179">
        <ele>1903.71</ele>
      </trkpt>
      <trkpt lat="50.50214" lon="-114.80187">
        <ele>1902.11</ele>
      </trkpt>
      <trkpt lat="50.50211" lon="-114.80194">
        <ele>1901.11</ele>
      </trkpt>
      <trkpt lat="50.50206" lon="-114.802">
        <ele>1900.43</ele>
      </trkpt>
      <trkpt lat="50.50202" lon="-114.80206">
        <ele>1900.37</ele>
      </trkpt>
      <trkpt lat="50.50198" lon="-114.8021">
        <ele>1899.87</ele>
      </trkpt>
      <trkpt lat="50.50195" lon="-114.80216">
        <ele>1900.42</ele>
      </trkpt>
      <trkpt lat="50.50194" lon="-114.80224">
        <ele>1902.03</ele>
      </trkpt>
      <trkpt lat="50.50192" lon="-114.80232">
        <ele>1902.24</ele>
      </trkpt>
      <trkpt lat="50.5019" lon="-114.8024">
        <ele>1902.52</ele>
      </trkpt>
      <trkpt lat="50.50186" lon="-114.80248">
        <ele>1901.16</ele>
      </trkpt>
      <trkpt lat="50.50182" lon="-114.80253">
        <ele>1898.61</ele>
      </trkpt>
      <trkpt lat="50.50178" lon="-114.80259">
        <ele>1896.02</ele>
      </trkpt>
      <trkpt lat="50.50174" lon="-114.80265">
        <ele>1893.61</ele>
      </trkpt>
      <trkpt lat="50.5017" lon="-114.80271">
        <ele>1891.39</ele>
      </trkpt>
      <trkpt lat="50.50166" lon="-114.80275">
        <ele>1889.15</ele>
      </trkpt>
      <trkpt lat="50.50162" lon="-114.80282">
        <ele>1889.3</ele>
      </trkpt>
      <trkpt lat="50.50157" lon="-114.80283">
        <ele>1887.34</ele>
      </trkpt>
      <trkpt lat="50.50151" lon="-114.80284">
        <ele>1884.98</ele>
      </trkpt>
      <trkpt lat="50.50147" lon="-114.80291">
        <ele>1886.53</ele>
      </trkpt>
      <trkpt lat="50.50143" lon="-114.80295">
        <ele>1886.91</ele>
      </trkpt>
      <trkpt lat="50.50139" lon="-114.80301">
        <ele>1888.58</ele>
      </trkpt>
      <trkpt lat="50.50135" lon="-114.80307">
        <ele>1888.6</ele>
      </trkpt>
      <trkpt lat="50.50131" lon="-114.80312">
        <ele>1886.27</ele>
      </trkpt>
      <trkpt lat="50.50126" lon="-114.80316">
        <ele>1883.61</ele>
      </trkpt>
      <trkpt lat="50.50122" lon="-114.80322">
        <ele>1881.87</ele>
      </trkpt>
      <trkpt lat="50.50118" lon="-114.80328">
        <ele>1880.45</ele>
      </trkpt>
      <trkpt lat="50.50114" lon="-114.80334">
        <ele>1879.31</ele>
      </trkpt>
      <trkpt lat="50.5011" lon="-114.80338">
        <ele>1877.92</ele>
      </trkpt>
      <trkpt lat="50.50106" lon="-114.80344">
        <ele>1876.36</ele>
      </trkpt>
      <trkpt lat="50.50102" lon="-114.8035">
        <ele>1874.62</ele>
      </trkpt>
      <trkpt lat="50.50098" lon="-114.80355">
        <ele>1872.63</ele>
      </trkpt>
      <trkpt lat="50.50093" lon="-114.80359">
        <ele>1869.84</ele>
      </trkpt>
      <trkpt lat="50.50089" lon="-114.80367">
        <ele>1867.34</ele>
      </trkpt>
      <trkpt lat="50.50084" lon="-114.80369">
        <ele>1864.39</ele>
      </trkpt>
      <trkpt lat="50.5008" lon="-114.80373">
        <ele>1863.31</ele>
      </trkpt>
      <trkpt lat="50.50075" lon="-114.80377">
        <ele>1862.41</ele>
      </trkpt>
      <trkpt lat="50.50071" lon="-114.80381">
        <ele>1861.85</ele>
      </trkpt>
      <trkpt lat="50.50066" lon="-114.80385">
        <ele>1861.24</ele>
      </trkpt>
      <trkpt lat="50.50062" lon="-114.80391">
        <ele>1861.57</ele>
      </trkpt>
      <trkpt lat="50.50058" lon="-114.80395">
        <ele>1862.56</ele>
      </trkpt>
      <trkpt lat="50.50053" lon="-114.80399">
        <ele>1862.83</ele>
      </trkpt>
      <trkpt lat="50.50049" lon="-114.80405">
        <ele>1863.27</ele>
      </trkpt>
      <trkpt lat="50.50044" lon="-114.80409">
        <ele>1862.37</ele>
      </trkpt>
      <trkpt lat="50.5004" lon="-114.80413">
        <ele>1861.86</ele>
      </trkpt>
      <trkpt lat="50.50036" lon="-114.80419">
        <ele>1861.09</ele>
      </trkpt>
      <trkpt lat="50.50031" lon="-114.80423">
        <ele>1858.57</ele>
      </trkpt>
      <trkpt lat="50.50026" lon="-114.80425">
        <ele>1856.27</ele>
      </trkpt>
      <trkpt lat="50.50022" lon="-114.80429">
        <ele>1854.99</ele>
      </trkpt>
      <trkpt lat="50.50016" lon="-114.80431">
        <ele>1853.27</ele>
      </trkpt>
      <trkpt lat="50.50011" lon="-114.80433">
        <ele>1852.2</ele>
      </trkpt>
      <trkpt lat="50.50006" lon="-114.80436">
        <ele>1851.79</ele>
      </trkpt>
      <trkpt lat="50.50002" lon="-114.8044">
        <ele>1852.43</ele>
      </trkpt>
      <trkpt lat="50.49996" lon="-114.80442">
        <ele>1851.92</ele>
      </trkpt>
      <trkpt lat="50.49992" lon="-114.80446">
        <ele>1851.56</ele>
      </trkpt>
      <trkpt lat="50.49987" lon="-114.80448">
        <ele>1849.99</ele>
      </trkpt>
      <trkpt lat="50.49982" lon="-114.80452">
        <ele>1848.35</ele>
      </trkpt>
      <trkpt lat="50.49978" lon="-114.80456">
        <ele>1847.07</ele>
      </trkpt>
      <trkpt lat="50.49973" lon="-114.8046">
        <ele>1845.63</ele>
      </trkpt>
      <trkpt lat="50.49968" lon="-114.80464">
        <ele>1844.42</ele>
      </trkpt>
      <trkpt lat="50.49964" lon="-114.8047">
        <ele>1843.75</ele>
      </trkpt>
      <trkpt lat="50.4996" lon="-114.80474">
        <ele>1842.96</ele>
      </trkpt>
      <trkpt lat="50.49955" lon="-114.80478">
        <ele>1841.56</ele>
      </trkpt>
      <trkpt lat="50.49951" lon="-114.80482">
        <ele>1840.27</ele>
      </trkpt>
      <trkpt lat="50.49946" lon="-114.80486">
        <ele>1838.77</ele>
      </trkpt>
      <trkpt lat="50.49942" lon="-114.8049">
        <ele>1837.3</ele>
      </trkpt>
      <trkpt lat="50.49937" lon="-114.80494">
        <ele>1835.62</ele>
      </trkpt>
      <trkpt lat="50.49932" lon="-114.80498">
        <ele>1834.06</ele>
      </trkpt>
      <trkpt lat="50.49928" lon="-114.80504">
        <ele>1833.49</ele>
      </trkpt>
      <trkpt lat="50.49924" lon="-114.80508">
        <ele>1833.71</ele>
      </trkpt>
      <trkpt lat="50.49919" lon="-114.80512">
        <ele>1834.44</ele>
      </trkpt>
      <trkpt lat="50.49915" lon="-114.80516">
        <ele>1835.88</ele>
      </trkpt>
      <trkpt lat="50.4991" lon="-114.8052">
        <ele>1837.39</ele>
      </trkpt>
      <trkpt lat="50.49905" lon="-114.80522">
        <ele>1838.05</ele>
      </trkpt>
      <trkpt lat="50.499" lon="-114.80526">
        <ele>1838.39</ele>
      </trkpt>
      <trkpt lat="50.49895" lon="-114.80528">
        <ele>1838.17</ele>
      </trkpt>
      <trkpt lat="50.4989" lon="-114.80531">
        <ele>1837.34</ele>
      </trkpt>
      <trkpt lat="50.49885" lon="-114.80533">
        <ele>1836.92</ele>
      </trkpt>
      <trkpt lat="50.4988" lon="-114.80537">
        <ele>1836.43</ele>
      </trkpt>
      <trkpt lat="50.49875" lon="-114.80539">
        <ele>1836.49</ele>
      </trkpt>
      <trkpt lat="50.49871" lon="-114.80543">
        <ele>1836.54</ele>
      </trkpt>
      <trkpt lat="50.49866" lon="-114.80547">
        <ele>1837.02</ele>
      </trkpt>
      <trkpt lat="50.49862" lon="-114.80551">
        <ele>1837.68</ele>
      </trkpt>
      <trkpt lat="50.49857" lon="-114.80555">
        <ele>1837.98</ele>
      </trkpt>
      <trkpt lat="50.49852" lon="-114.80559">
        <ele>1837.88</ele>
      </trkpt>
      <trkpt lat="50.49848" lon="-114.80563">
        <ele>1837.51</ele>
      </trkpt>
      <trkpt lat="50.49843" lon="-114.80567">
        <ele>1836.8</ele>
      </trkpt>
      <trkpt lat="50.49839" lon="-114.80571">
        <ele>1835.9</ele>
      </trkpt>
      <trkpt lat="50.49834" lon="-114.80573">
        <ele>1834.95</ele>
      </trkpt>
      <trkpt lat="50.49829" lon="-114.80578">
        <ele>1834.28</ele>
      </trkpt>
      <trkpt lat="50.49824" lon="-114.8058">
        <ele>1834.41</ele>
      </trkpt>
      <trkpt lat="50.49819" lon="-114.80583">
        <ele>1834.58</ele>
      </trkpt>
      <trkpt lat="50.49813" lon="-114.80582">
        <ele>1835.26</ele>
      </trkpt>
      <trkpt lat="50.49808" lon="-114.80585">
        <ele>1835.34</ele>
      </trkpt>
      <trkpt lat="50.49802" lon="-114.80585">
        <ele>1834.19</ele>
      </trkpt>
      <trkpt lat="50.49797" lon="-114.80585">
        <ele>1832.23</ele>
      </trkpt>
      <trkpt lat="50.49791" lon="-114.80588">
        <ele>1829.24</ele>
      </trkpt>
      <trkpt lat="50.49786" lon="-114.8059">
        <ele>1826.91</ele>
      </trkpt>
      <trkpt lat="50.49781" lon="-114.80592">
        <ele>1824.64</ele>
      </trkpt>
      <trkpt lat="50.49776" lon="-114.80594">
        <ele>1821.99</ele>
      </trkpt>
      <trkpt lat="50.49771" lon="-114.80596">
        <ele>1818.64</ele>
      </trkpt>
      <trkpt lat="50.49766" lon="-114.80599">
        <ele>1815.32</ele>
      </trkpt>
      <trkpt lat="50.49761" lon="-114.80601">
        <ele>1812.26</ele>
      </trkpt>
      <trkpt lat="50.49755" lon="-114.80601">
        <ele>1808.85</ele>
      </trkpt>
      <trkpt lat="50.49749" lon="-114.80602">
        <ele>1805.78</ele>
      </trkpt>
      <trkpt lat="50.49744" lon="-114.80604">
        <ele>1804.75</ele>
      </trkpt>
      <trkpt lat="50.49738" lon="-114.80604">
        <ele>1803.51</ele>
      </trkpt>
      <trkpt lat="50.49733" lon="-114.80605">
        <ele>1802.54</ele>
      </trkpt>
      <trkpt lat="50.49728" lon="-114.80607">
        <ele>1801.69</ele>
      </trkpt>
      <trkpt lat="50.49723" lon="-114.80609">
        <ele>1800.92</ele>
      </trkpt>
      <trkpt lat="50.49717" lon="-114.8061">
        <ele>1799.2</ele>
      </trkpt>
      <trkpt lat="50.49712" lon="-114.80612">
        <ele>1797.8</ele>
      </trkpt>
      <trkpt lat="50.49707" lon="-114.80614">
        <ele>1796.44</ele>
      </trkpt>
      <trkpt lat="50.49701" lon="-114.80616">
        <ele>1794.79</ele>
      </trkpt>
      <trkpt lat="50.49696" lon="-114.80618">
        <ele>1793.48</ele>
      </trkpt>
      <trkpt lat="50.49691" lon="-114.80621">
        <ele>1790.99</ele>
      </trkpt>
      <trkpt lat="50.49686" lon="-114.80623">
        <ele>1787.76</ele>
      </trkpt>
      <trkpt lat="50.49681" lon="-114.80625">
        <ele>1784.56</ele>
      </trkpt>
      <trkpt lat="50.49676" lon="-114.80627">
        <ele>1781.39</ele>
      </trkpt>
      <trkpt lat="50.49671" lon="-114.8063">
        <ele>1778.41</ele>
      </trkpt>
      <trkpt lat="50.49666" lon="-114.80633">
        <ele>1775.56</ele>
      </trkpt>
      <trkpt lat="50.4966" lon="-114.80632">
        <ele>1771.98</ele>
      </trkpt>
      <trkpt lat="50.49654" lon="-114.80633">
        <ele>1768.67</ele>
      </trkpt>
      <trkpt lat="50.49648" lon="-114.80633">
        <ele>1765.23</ele>
      </trkpt>
      <trkpt lat="50.49643" lon="-114.80633">
        <ele>1762.36</ele>
      </trkpt>
      <trkpt lat="50.49637" lon="-114.80634">
        <ele>1759.39</ele>
      </trkpt>
      <trkpt lat="50.49632" lon="-114.80636">
        <ele>1757.77</ele>
      </trkpt>
      <trkpt lat="50.49627" lon="-114.80638">
        <ele>1756.15</ele>
      </trkpt>
      <trkpt lat="50.49621" lon="-114.80639">
        <ele>1754.22</ele>
      </trkpt>
      <trkpt lat="50.49615" lon="-114.80639">
        <ele>1752.27</ele>
      </trkpt>
      <trkpt lat="50.4961" lon="-114.80641">
        <ele>1751.18</ele>
      </trkpt>
      <trkpt lat="50.49605" lon="-114.80642">
        <ele>1751.07</ele>
      </trkpt>
      <trkpt lat="50.49599" lon="-114.80642">
        <ele>1750.8</ele>
      </trkpt>
      <trkpt lat="50.49593" lon="-114.80643">
        <ele>1750.6</ele>
      </trkpt>
      <trkpt lat="50.49588" lon="-114.80645">
        <ele>1750.46</ele>
      </trkpt>
      <trkpt lat="50.49582" lon="-114.80644">
        <ele>1750.2</ele>
      </trkpt>
      <trkpt lat="50.49577" lon="-114.80647">
        <ele>1750.25</ele>
      </trkpt>
      <trkpt lat="50.49572" lon="-114.8065">
        <ele>1750.16</ele>
      </trkpt>
      <trkpt lat="50.49567" lon="-114.80653">
        <ele>1749.9</ele>
      </trkpt>
      <trkpt lat="50.49562" lon="-114.80654">
        <ele>1749.64</ele>
      </trkpt>
      <trkpt lat="50.49556" lon="-114.80651">
        <ele>1749.7</ele>
      </trkpt>
      <trkpt lat="50.49552" lon="-114.80646">
        <ele>1750.2</ele>
      </trkpt>
      <trkpt lat="50.49547" lon="-114.80642">
        <ele>1750.63</ele>
      </trkpt>
      <trkpt lat="50.49541" lon="-114.80643">
        <ele>1750.48</ele>
      </trkpt>
      <trkpt lat="50.49536" lon="-114.80645">
        <ele>1750.19</ele>
      </trkpt>
      <trkpt lat="50.4953" lon="-114.80645">
        <ele>1750.14</ele>
      </trkpt>
      <trkpt lat="50.49525" lon="-114.80648">
        <ele>1750.26</ele>
      </trkpt>
      <trkpt lat="50.49519" lon="-114.80648">
        <ele>1751.49</ele>
      </trkpt>
      <trkpt lat="50.49514" lon="-114.80648">
        <ele>1752.52</ele>
      </trkpt>
      <trkpt lat="50.49508" lon="-114.80649">
        <ele>1753.43</ele>
      </trkpt>
      <trkpt lat="50.49502" lon="-114.80649">
        <ele>1754.6</ele>
      </trkpt>
      <trkpt lat="50.49496" lon="-114.80648">
        <ele>1755.15</ele>
      </trkpt>
      <trkpt lat="50.4949" lon="-114.80646">
        <ele>1755.56</ele>
      </trkpt>
      <trkpt lat="50.49483" lon="-114.80645">
        <ele>1755.49</ele>
      </trkpt>
      <trkpt lat="50.49478" lon="-114.80645">
        <ele>1755.17</ele>
      </trkpt>
      <trkpt lat="50.49472" lon="-114.80646">
        <ele>1754.38</ele>
      </trkpt>
      <trkpt lat="50.49466" lon="-114.80646">
        <ele>1752.65</ele>
      </trkpt>
      <trkpt lat="50.49461" lon="-114.80648">
        <ele>1750.49</ele>
      </trkpt>
      <trkpt lat="50.49456" lon="-114.80651">
        <ele>1747.97</ele>
      </trkpt>
      <trkpt lat="50.49451" lon="-114.80653">
        <ele>1745.81</ele>
      </trkpt>
      <trkpt lat="50.49446" lon="-114.80655">
        <ele>1743.65</ele>
      </trkpt>
      <trkpt lat="50.49441" lon="-114.80657">
        <ele>1742.3</ele>
      </trkpt>
      <trkpt lat="50.49436" lon="-114.8066">
        <ele>1741.19</ele>
      </trkpt>
      <trkpt lat="50.49431" lon="-114.80662">
        <ele>1740.59</ele>
      </trkpt>
      <trkpt lat="50.49425" lon="-114.80664">
        <ele>1740.19</ele>
      </trkpt>
      <trkpt lat="50.4942" lon="-114.80667">
        <ele>1739.85</ele>
      </trkpt>
      <trkpt lat="50.49417" lon="-114.80674">
        <ele>1739.21</ele>
      </trkpt>
      <trkpt lat="50.49412" lon="-114.80678">
        <ele>1736.99</ele>
      </trkpt>
      <trkpt lat="50.49408" lon="-114.80684">
        <ele>1734.54</ele>
      </trkpt>
      <trkpt lat="50.49404" lon="-114.80689">
        <ele>1732.02</ele>
      </trkpt>
      <trkpt lat="50.494" lon="-114.80694">
        <ele>1729.29</ele>
      </trkpt>
      <trkpt lat="50.49395" lon="-114.80698">
        <ele>1726.33</ele>
      </trkpt>
      <trkpt lat="50.4939" lon="-114.80702">
        <ele>1723.2</ele>
      </trkpt>
      <trkpt lat="50.49386" lon="-114.80705">
        <ele>1721.7</ele>
      </trkpt>
      <trkpt lat="50.4938" lon="-114.80704">
        <ele>1720.93</ele>
      </trkpt>
      <trkpt lat="50.49374" lon="-114.80705">
        <ele>1720.05</ele>
      </trkpt>
      <trkpt lat="50.49368" lon="-114.80703">
        <ele>1718.99</ele>
      </trkpt>
      <trkpt lat="50.49362" lon="-114.807">
        <ele>1717.39</ele>
      </trkpt>
      <trkpt lat="50.49357" lon="-114.80697">
        <ele>1716.74</ele>
      </trkpt>
      <trkpt lat="50.49351" lon="-114.80694">
        <ele>1716.84</ele>
      </trkpt>
      <trkpt lat="50.49345" lon="-114.80692">
        <ele>1717.7</ele>
      </trkpt>
      <trkpt lat="50.4934" lon="-114.80689">
        <ele>1718.54</ele>
      </trkpt>
      <trkpt lat="50.49334" lon="-114.80687">
        <ele>1719.06</ele>
      </trkpt>
      <trkpt lat="50.49328" lon="-114.80688">
        <ele>1718.84</ele>
      </trkpt>
      <trkpt lat="50.49322" lon="-114.80688">
        <ele>1718.74</ele>
      </trkpt>
      <trkpt lat="50.49317" lon="-114.8069">
        <ele>1718.45</ele>
      </trkpt>
      <trkpt lat="50.49311" lon="-114.80691">
        <ele>1718.3</ele>
      </trkpt>
      <trkpt lat="50.49307" lon="-114.80686">
        <ele>1718.64</ele>
      </trkpt>
      <trkpt lat="50.49302" lon="-114.80682">
        <ele>1719.13</ele>
      </trkpt>
      <trkpt lat="50.49297" lon="-114.80681">
        <ele>1719.46</ele>
      </trkpt>
      <trkpt lat="50.49292" lon="-114.80683">
        <ele>1719.86</ele>
      </trkpt>
      <trkpt lat="50.49286" lon="-114.80685">
        <ele>1720.52</ele>
      </trkpt>
      <trkpt lat="50.49283" lon="-114.80682">
        <ele>1720.41</ele>
      </trkpt>
      <trkpt lat="50.49281" lon="-114.80676">
        <ele>1719.64</ele>
      </trkpt>
      <trkpt lat="50.4928" lon="-114.80669">
        <ele>1718.53</ele>
      </trkpt>
      <trkpt lat="50.49276" lon="-114.80664">
        <ele>1717.98</ele>
      </trkpt>
      <trkpt lat="50.49271" lon="-114.8066">
        <ele>1717.82</ele>
      </trkpt>
      <trkpt lat="50.49266" lon="-114.80655">
        <ele>1717.47</ele>
      </trkpt>
      <trkpt lat="50.49261" lon="-114.80651">
        <ele>1716.98</ele>
      </trkpt>
      <trkpt lat="50.49256" lon="-114.80647">
        <ele>1716.33</ele>
      </trkpt>
      <trkpt lat="50.4925" lon="-114.80644">
        <ele>1715.55</ele>
      </trkpt>
      <trkpt lat="50.49245" lon="-114.80644">
        <ele>1716.31</ele>
      </trkpt>
      <trkpt lat="50.4924" lon="-114.80646">
        <ele>1717.3</ele>
      </trkpt>
      <trkpt lat="50.49234" lon="-114.80648">
        <ele>1718.48</ele>
      </trkpt>
      <trkpt lat="50.49228" lon="-114.80647">
        <ele>1719.28</ele>
      </trkpt>
      <trkpt lat="50.49223" lon="-114.80643">
        <ele>1719.48</ele>
      </trkpt>
      <trkpt lat="50.49218" lon="-114.80639">
        <ele>1719.62</ele>
      </trkpt>
      <trkpt lat="50.49213" lon="-114.80635">
        <ele>1719.86</ele>
      </trkpt>
      <trkpt lat="50.49207" lon="-114.80636">
        <ele>1720.82</ele>
      </trkpt>
      <trkpt lat="50.49204" lon="-114.80643">
        <ele>1722.31</ele>
      </trkpt>
      <trkpt lat="50.49201" lon="-114.80645">
        <ele>1723.1</ele>
      </trkpt>
      <trkpt lat="50.492" lon="-114.80649">
        <ele>1723.95</ele>
      </trkpt>
      <trkpt lat="50.49199" lon="-114.80648">
        <ele>1723.93</ele>
      </trkpt>
    </trkseg>
  </trk>
</gpx>
